source	go_term	dimension	best_c	cv_mean_auroc	validation_f1_threshold	validation_f1	n_train	n_test	n_test_positive	test_auprc	test_auroc	test_f1	test_precision	test_recall	elapsed_seconds	status
gae_structural	GO:0000086	128	1.0	0.6640189301124927	0.3231911017130831	0.2479338842971026	403	103	9	0.207379881542971	0.7423167848699763	0.2580645161290322	0.1818181818181818	0.4444444444444444	0.14	ok
gae_structural	GO:0000381	128	10.0	0.6705431623658225	0.9307761093584306	0.3181818181813184	480	120	11	0.3215048408462808	0.7923269391159299	0.3	0.3333333333333333	0.2727272727272727	0.18	ok
gae_structural	GO:0000724	128	1.0	0.7063996845362294	0.6390585721288952	0.3157894736837291	993	249	22	0.2188999564668833	0.6603924709651582	0.2352941176470588	0.2068965517241379	0.2727272727272727	0.59	ok
gae_structural	GO:0001578	128	100.0	0.6256036842785867	0.6341292780340142	0.2471264367812175	1025	251	23	0.1158556821538912	0.6096491228070176	0.1975308641975308	0.1379310344827586	0.3478260869565217	0.69	ok
gae_structural	GO:0001649	128	0.1	0.7637810839743109	0.1072091095731234	0.3404255319144796	1186	300	27	0.2161734626324579	0.7146927146927147	0.2666666666666666	0.1904761904761904	0.4444444444444444	0.85	ok
gae_structural	GO:0001654	128	1.0	0.7009022813529474	-0.2852528330216203	0.4180569185471692	1768	563	76	0.2996014150347051	0.765319355884578	0.3941605839416058	0.2727272727272727	0.7105263157894737	1.96	ok
gae_structural	GO:0001666	128	10.0	0.8394108546188942	0.459010243925402	0.5659574468080117	1681	538	55	0.507518591941743	0.7935253152644457	0.5546218487394958	0.515625	0.6	1.42	ok
gae_structural	GO:0001837	128	0.1	0.6668809295051993	0.3424510900978923	0.2487562189050386	706	178	16	0.3027093729691006	0.7241512345679012	0.2857142857142857	0.2121212121212121	0.4375	0.34	ok
gae_structural	GO:0001938	128	0.1	0.685388034652942	0.2237153866615669	0.338797814207173	771	192	16	0.1178752379068572	0.5625	0.2105263157894736	0.1818181818181818	0.25	0.44	ok
gae_structural	GO:0006325	128	100.0	0.6877695759043089	-0.523480937123192	0.5556569343061205	2196	669	182	0.4885816210996106	0.7312995013200352	0.4950819672131147	0.352803738317757	0.8296703296703297	3.22	ok
gae_structural	GO:0006400	128	1000.0	0.795782829539779	1.0656567916313833	0.3675675675670922	769	192	17	0.2588887909651358	0.8376470588235294	0.2580645161290322	0.2857142857142857	0.2352941176470588	0.35	ok
gae_structural	GO:0006402	128	10.0	0.7876638608991585	0.9695559914425442	0.3878787878782931	1009	254	23	0.4388817351731784	0.8211932994541691	0.391304347826087	0.391304347826087	0.391304347826087	0.56	ok
gae_structural	GO:0006487	128	1000.0	0.7398193027210884	0.6578007078935926	0.3222748815161807	638	156	14	0.1564887684905665	0.6851106639839034	0.217391304347826	0.15625	0.3571428571428571	0.29	ok
gae_structural	GO:0006493	128	10.0	0.6882073245078102	0.683161517453418	0.2680412371130097	852	211	19	0.1430514535330829	0.6419956140350878	0.2337662337662337	0.1551724137931034	0.4736842105263157	0.47	ok
gae_structural	GO:0006631	128	1.0	0.6775266854934962	-0.0469286867032135	0.3522205206733421	1707	551	62	0.2555970386131987	0.6237548650966422	0.233009708737864	0.1666666666666666	0.3870967741935484	1.79	ok
gae_structural	GO:0006693	128	1.0	0.6958650126717353	0.7145940758307323	0.3913043478256635	332	83	7	0.2014152830011115	0.6165413533834586	0.0	0.0	0.0	0.11	ok
gae_structural	GO:0006813	128	10.0	0.7063673292588604	0.3490014329532909	0.2644927536227993	1580	390	36	0.2342050491520692	0.7153954802259886	0.2666666666666666	0.1818181818181818	0.5	1.47	ok
gae_structural	GO:0006879	128	100.0	0.5532987333734466	-0.6291545442734874	0.1879518072286928	564	144	13	0.1325065266271181	0.6189078097475044	0.2115384615384615	0.1208791208791208	0.8461538461538461	0.26	ok
gae_structural	GO:0006888	128	10.0	0.6496455999075865	0.4402398132782281	0.2335456475580773	1016	251	22	0.1977994016201901	0.7006748709805478	0.2641509433962264	0.1666666666666666	0.6363636363636364	0.61	ok
gae_structural	GO:0007189	128	10.0	0.7563069024993441	-0.0727568141183787	0.3381642512073079	1376	346	32	0.3666744212652177	0.8154856687898089	0.4081632653061224	0.303030303030303	0.625	1.07	ok
gae_structural	GO:0007283	128	0.1	0.6176492270972057	-0.6912598151396745	0.4115156646904635	1912	603	117	0.275219339789004	0.5838873061095284	0.3425076452599388	0.2666666666666666	0.4786324786324786	2.73	ok
gae_structural	GO:0007399	128	10.0	0.6888084742680493	-0.7033773398722492	0.6502529510956421	2631	877	393	0.5908780209717907	0.6549061047673124	0.6149131767109295	0.5136518771331058	0.7659033078880407	4.6	ok
gae_structural	GO:0007601	128	1.0	0.6981081420862548	-0.0946669100981369	0.2938775510200511	1637	481	44	0.2236453582970242	0.7274287497399626	0.2788461538461538	0.1768292682926829	0.6590909090909091	1.62	ok
gae_structural	GO:0007605	128	1.0	0.6400027010888429	-0.194058645500242	0.2416666666662736	1415	351	30	0.1686984324083827	0.6965732087227414	0.2121212121212121	0.1372549019607843	0.4666666666666667	1.26	ok
gae_structural	GO:0008202	128	1.0	0.7635124080340429	0.173226049285701	0.4093567251457258	1666	543	48	0.2663988801919746	0.698442760942761	0.3006535947712418	0.219047619047619	0.4791666666666667	1.67	ok
gae_structural	GO:0008584	128	0.1	0.6928778140362065	0.2394577460982382	0.3067846607665134	1245	307	29	0.2225298491525861	0.6727859092036715	0.2682926829268293	0.2075471698113207	0.3793103448275862	1.11	ok
gae_structural	GO:0010506	128	0.1	0.5818344057056595	-0.6097233241436489	0.291187739463322	1710	549	66	0.2366899483585372	0.6654118828031872	0.2456813819577735	0.1406593406593406	0.9696969696969696	1.94	ok
gae_structural	GO:0016236	128	100.0	0.6656307008645485	0.8556070229818671	0.2538975501108914	1619	447	42	0.1613750389261027	0.6484420928865373	0.208695652173913	0.1643835616438356	0.2857142857142857	1.56	ok
gae_structural	GO:0031297	128	10.0	0.6860335959357641	1.3485783918388854	0.2745098039211703	407	101	9	0.0925840865200879	0.4782608695652173	0.0	0.0	0.0	0.14	ok
gae_structural	GO:0031398	128	0.1	0.6571857795289584	0.8901484508133002	0.2453987730056359	934	235	21	0.1812659627125266	0.6070315976858032	0.2051282051282051	0.2222222222222222	0.1904761904761904	0.56	ok
gae_structural	GO:0034341	128	1.0	0.737090446453915	0.8088858130365821	0.3483870967736983	909	227	21	0.2073282361203808	0.6093388811835414	0.2	0.2105263157894736	0.1904761904761904	0.5	ok
gae_structural	GO:0035987	128	0.1	0.8325302890810913	0.4620811418233351	0.3636363636359233	396	98	9	0.4974249754283125	0.8838951310861423	0.4444444444444444	0.3333333333333333	0.6666666666666666	0.12	ok
gae_structural	GO:0042476	128	0.1	0.7202437155690475	0.1568121459372945	0.2893081761002151	1016	252	22	0.2518204374150888	0.7737154150197628	0.3218390804597701	0.2153846153846154	0.6363636363636364	0.65	ok
gae_structural	GO:0042593	128	1.0	0.69050491294856	0.5952431652264768	0.2898550724632726	1613	423	38	0.2172266056743316	0.6588516746411484	0.2619047619047619	0.2391304347826087	0.2894736842105263	1.57	ok
gae_structural	GO:0042632	128	1.0	0.6878755542951239	-0.1291646580726797	0.3263598326355656	759	187	17	0.2321406816613375	0.7065743944636678	0.2580645161290322	0.1777777777777777	0.4705882352941176	0.41	ok
gae_structural	GO:0043488	128	10.0	0.6469595576438425	0.1328101233273209	0.2295552367285398	1388	343	32	0.1453002021389429	0.5787781350482315	0.1789473684210526	0.1075949367088607	0.53125	1.21	ok
gae_structural	GO:0045089	128	10.0	0.6990634372229182	0.3023999022085362	0.3584070796455181	1684	537	56	0.2301963307536524	0.6162756162756162	0.247787610619469	0.2456140350877192	0.25	1.91	ok
gae_structural	GO:0045787	128	0.1	0.6414008516977312	0.1137229109884384	0.3280575539563662	1724	550	64	0.2144332391597501	0.6567322530864198	0.2884615384615384	0.2083333333333333	0.46875	2.0	ok
gae_structural	GO:0045814	128	1.0	0.6773762741342492	-0.0532194261547288	0.2504816955680411	1360	339	30	0.2843057880243523	0.6885652642934197	0.2686567164179104	0.173076923076923	0.6	1.13	ok
gae_structural	GO:0046034	128	1000.0	0.6774172442047955	0.2898798689725836	0.2615384615381206	949	233	20	0.1085889918529333	0.5931924882629108	0.16	0.1	0.4	0.67	ok
gae_structural	GO:0050679	128	1.0	0.699055501552619	0.2150353079605649	0.3234042553187069	1622	430	38	0.2102690722817118	0.6934076262083781	0.2654867256637168	0.2	0.3947368421052631	1.61	ok
gae_structural	GO:0050680	128	0.1	0.6461098827420345	0.18541284624578	0.263803680981152	1169	290	27	0.2384995977957139	0.6317420081678636	0.273972602739726	0.217391304347826	0.3703703703703703	0.93	ok
gae_structural	GO:0050731	128	1.0	0.6984390857300204	0.6815562190820454	0.2695652173908243	998	254	23	0.2050798028659672	0.6975343497082628	0.3157894736842105	0.2647058823529412	0.391304347826087	0.61	ok
gae_structural	GO:0050796	128	1.0	0.6824360570897959	-0.0160886893981279	0.3101123595501374	1484	368	34	0.217243398135639	0.6544557942937654	0.2772277227722772	0.208955223880597	0.4117647058823529	1.37	ok
gae_structural	GO:0050890	128	1.0	0.6090056892850445	-0.7363122169652387	0.2924767540148783	1725	559	65	0.2002810608619219	0.6567113048894425	0.25	0.1525423728813559	0.6923076923076923	2.07	ok
gae_structural	GO:0051310	128	10.0	0.7214219302166995	0.6088997444296819	0.3370786516849359	687	171	15	0.3488910570840488	0.7995726495726496	0.4	0.3	0.6	0.3	ok
gae_structural	GO:0051865	128	1.0	0.7185615722272661	0.8079233333789987	0.3144654088045751	597	146	12	0.1913833103780151	0.6486318407960199	0.2162162162162162	0.16	0.3333333333333333	0.26	ok
gae_structural	GO:0060828	128	0.1	0.6510884102241797	0.1530971016180756	0.2819237147590923	1653	536	49	0.2135796869570241	0.6445962368520304	0.2222222222222222	0.15	0.4285714285714285	1.73	ok
gae_structural	GO:0061844	128	10.0	0.7956000604877239	0.1359023825066749	0.3746397694520599	1043	259	21	0.171409823924142	0.6440576230492198	0.1842105263157894	0.1272727272727272	0.3333333333333333	0.6	ok
gae_structural	GO:0070555	128	10.0	0.7595423050551254	0.5614027733937359	0.3608247422675566	858	216	20	0.4128333870378484	0.8079081632653061	0.4651162790697674	0.4347826086956521	0.5	0.44	ok
gae_structural	GO:0090303	128	10.0	0.855353872724033	0.5797882028322896	0.5098039215681283	525	132	12	0.2397020471335259	0.6694444444444445	0.2105263157894736	0.2857142857142857	0.1666666666666666	0.17	ok
gae_structural	GO:0097190	128	1.0	0.7626064960878945	0.5289300039281986	0.4903846153841348	1702	545	61	0.4361102931701682	0.814693131012058	0.4827586206896552	0.509090909090909	0.4590163934426229	1.67	ok
gae_structural	GO:0097191	128	1.0	0.8033365144805824	0.50962452990712	0.50561797752759	976	243	21	0.3635772987921273	0.7857142857142856	0.4651162790697674	0.4545454545454545	0.4761904761904761	0.53	ok
gae_structural	GO:1901224	128	0.1	0.7055919304592982	-0.1630717774584144	0.27999999999963	523	129	12	0.4543190336188457	0.8376068376068375	0.3272727272727272	0.2093023255813953	0.75	0.2	ok
gae_structural	GO:2000781	128	0.1	0.6673619471586827	0.4914233434091519	0.2620689655167642	626	156	14	0.131658714747906	0.5845070422535211	0.2439024390243902	0.1851851851851851	0.3571428571428571	0.27	ok
gae_structural	GO:2001244	128	1.0	0.7485317786452983	0.1763710258859337	0.3698630136981887	517	132	12	0.3187914311269574	0.8395833333333333	0.2962962962962963	0.2666666666666666	0.3333333333333333	0.19	ok
gae_uniprot_finetuned	GO:0000086	128	1.0	0.6243505705720819	-0.9087769973866692	0.2077151335309664	403	103	9	0.1927106558145911	0.6938534278959811	0.1839080459770115	0.1025641025641025	0.8888888888888888	0.33	ok
gae_uniprot_finetuned	GO:0000381	128	1000.0	0.791741307406332	0.7291274124198175	0.4301075268812209	480	120	11	0.5731325691852007	0.9182652210175146	0.6956521739130435	0.6666666666666666	0.7272727272727273	0.43	ok
gae_uniprot_finetuned	GO:0000724	128	1000.0	0.7540285173577698	0.7919767695396782	0.390804597700651	993	249	22	0.3330103508158131	0.7649179014817781	0.4210526315789473	0.5	0.3636363636363636	1.54	ok
gae_uniprot_finetuned	GO:0001578	128	1000.0	0.7496996730091086	0.9533143337717274	0.3431952662716944	1025	251	23	0.3807167552821889	0.8787185354691076	0.3902439024390244	0.4444444444444444	0.3478260869565217	1.59	ok
gae_uniprot_finetuned	GO:0001649	128	0.1	0.7534474016709711	0.4940388869468958	0.3322475570027975	1186	300	27	0.1892748424136416	0.7031610364943698	0.25	0.2	0.3333333333333333	1.77	ok
gae_uniprot_finetuned	GO:0001654	128	1000.0	0.7499508932973029	0.273198672520448	0.4764621968611316	1768	563	76	0.4736023480148639	0.8061169350480926	0.4968152866242038	0.4814814814814814	0.5131578947368421	4.85	ok
gae_uniprot_finetuned	GO:0001666	128	10.0	0.8276893277413775	0.267964272457878	0.5405405405400496	1681	538	55	0.4395174360998348	0.7727084509693206	0.4929577464788732	0.4022988505747126	0.6363636363636364	2.97	ok
gae_uniprot_finetuned	GO:0001837	128	1000.0	0.7101272652186537	0.4866490209103915	0.3291139240501509	706	178	16	0.2198092738857637	0.6766975308641976	0.2162162162162162	0.1904761904761904	0.25	0.89	ok
gae_uniprot_finetuned	GO:0001938	128	1.0	0.6797167058261936	0.4077786828080567	0.3502824858752236	771	192	16	0.1155434178102491	0.5436789772727272	0.1951219512195122	0.16	0.25	0.84	ok
gae_uniprot_finetuned	GO:0006325	128	1000.0	0.7926622581715841	-0.1723856018944358	0.6405077899591175	2196	669	182	0.6470019184819396	0.815657648306519	0.5854700854700855	0.479020979020979	0.7527472527472527	7.26	ok
gae_uniprot_finetuned	GO:0006400	128	1000.0	0.8210390869688408	0.8083965995135038	0.4162436548218712	769	192	17	0.4012865244600243	0.8957983193277311	0.5	0.4347826086956521	0.5882352941176471	0.79	ok
gae_uniprot_finetuned	GO:0006402	128	1000.0	0.8304071759749236	0.7583977002634192	0.510416666666168	1009	254	23	0.3469474634233099	0.8078298513081121	0.4489795918367347	0.4230769230769231	0.4782608695652174	1.41	ok
gae_uniprot_finetuned	GO:0006487	128	1000.0	0.8308055294486216	0.618252286556654	0.4755244755239884	638	156	14	0.4879770422568936	0.8249496981891349	0.5	0.4444444444444444	0.5714285714285714	0.66	ok
gae_uniprot_finetuned	GO:0006493	128	1000.0	0.7835581670649386	0.6316433717377024	0.4046242774561522	852	211	19	0.4609392973978655	0.8330592105263157	0.5106382978723404	0.4285714285714285	0.631578947368421	1.13	ok
gae_uniprot_finetuned	GO:0006631	128	1000.0	0.8321752742690496	0.3965175561103624	0.5420168067221899	1707	551	62	0.4792354077031206	0.8263737713569497	0.5081967213114754	0.5166666666666667	0.5	4.61	ok
gae_uniprot_finetuned	GO:0006693	128	0.1	0.6808449440382214	0.7317121760869996	0.260869565216894	332	83	7	0.1482033147730822	0.6090225563909775	0.1428571428571428	0.1428571428571428	0.1428571428571428	0.27	ok
gae_uniprot_finetuned	GO:0006813	128	1000.0	0.8237121676724087	0.1131824772189347	0.4957264957260098	1580	390	36	0.5315184733066738	0.8530288763339611	0.4634146341463415	0.4130434782608695	0.5277777777777778	3.65	ok
gae_uniprot_finetuned	GO:0006879	128	100.0	0.4998614172822318	0.6311969029526843	0.1818181818177756	564	144	13	0.171096474725652	0.6224310041103934	0.2105263157894736	0.16	0.3076923076923077	0.58	ok
gae_uniprot_finetuned	GO:0006888	128	1000.0	0.7320057397972528	0.3930811978531174	0.3154761904757983	1016	251	22	0.2875250880007692	0.7808654227868201	0.2816901408450704	0.2040816326530612	0.4545454545454545	1.57	ok
gae_uniprot_finetuned	GO:0007189	128	1000.0	0.829644317335776	0.4201870956719364	0.5876777251180004	1376	346	32	0.7038040202932058	0.9339171974522292	0.6557377049180327	0.6896551724137931	0.625	2.64	ok
gae_uniprot_finetuned	GO:0007283	128	1000.0	0.6873713971107684	-0.323089524558503	0.464379947229069	1912	603	117	0.4441861279715081	0.6916042348141113	0.4210526315789473	0.32	0.6153846153846154	5.75	ok
gae_uniprot_finetuned	GO:0007399	128	1000.0	0.7495963276001246	-0.6680058297680409	0.682296975874477	2631	877	393	0.6789122321270906	0.73123146804618	0.6652719665271967	0.5648312611012434	0.8091603053435115	10.16	ok
gae_uniprot_finetuned	GO:0007601	128	1000.0	0.7352185390956821	0.5251008047979173	0.3606557377044379	1637	481	44	0.3128693784516665	0.7939463282712711	0.3779527559055118	0.2891566265060241	0.5454545454545454	3.96	ok
gae_uniprot_finetuned	GO:0007605	128	1000.0	0.64341844715736	0.7331412256000505	0.2661596958169906	1415	351	30	0.2486138433281713	0.7618899273104881	0.2898550724637681	0.2564102564102564	0.3333333333333333	3.19	ok
gae_uniprot_finetuned	GO:0008202	128	1000.0	0.8230307054154716	0.4913239237690718	0.5217391304342827	1666	543	48	0.357688676114008	0.7589646464646463	0.3958333333333333	0.3958333333333333	0.3958333333333333	3.43	ok
gae_uniprot_finetuned	GO:0008584	128	10.0	0.6977933009256886	0.4111544271900267	0.2941176470583758	1245	307	29	0.1615041390379356	0.6587695360952617	0.1842105263157894	0.1489361702127659	0.2413793103448276	2.09	ok
gae_uniprot_finetuned	GO:0010506	128	1000.0	0.6138258161594407	-0.6433593118115661	0.2968099861300762	1710	549	66	0.301240034525071	0.712654495263191	0.2700228832951945	0.1590296495956873	0.8939393939393939	4.48	ok
gae_uniprot_finetuned	GO:0016236	128	1000.0	0.7327955716563824	0.6072260616157443	0.3130755064452463	1619	447	42	0.3383506867699302	0.7252204585537918	0.3238095238095238	0.2698412698412698	0.4047619047619047	3.84	ok
gae_uniprot_finetuned	GO:0031297	128	10.0	0.6630928893951105	-0.4786563439350804	0.249027237353839	407	101	9	0.078676088048172	0.4070048309178743	0.1194029850746268	0.0689655172413793	0.4444444444444444	0.32	ok
gae_uniprot_finetuned	GO:0031398	128	1000.0	0.6631571593302504	0.0502046865276213	0.2591687041561499	934	235	21	0.181375472028023	0.6286159323542501	0.2	0.1235955056179775	0.5238095238095238	1.46	ok
gae_uniprot_finetuned	GO:0034341	128	10.0	0.7606825353933991	-0.0942226251535028	0.3544303797464422	909	227	21	0.2461047255763806	0.6530282015718909	0.2117647058823529	0.140625	0.4285714285714285	1.11	ok
gae_uniprot_finetuned	GO:0035987	128	0.1	0.8189035414971243	0.0738656667798507	0.3466666666663018	396	98	9	0.5164163395346191	0.8826466916354557	0.4	0.2580645161290322	0.8888888888888888	0.29	ok
gae_uniprot_finetuned	GO:0042476	128	1000.0	0.7541213152035958	0.4032355432948895	0.431924882628616	1016	252	22	0.5360464032382731	0.7936758893280632	0.52	0.4642857142857143	0.5909090909090909	1.67	ok
gae_uniprot_finetuned	GO:0042593	128	0.1	0.688532788464507	0.7923078249480369	0.2857142857137898	1613	423	38	0.1682426084678901	0.6628844839371155	0.2692307692307692	0.2121212121212121	0.3684210526315789	3.46	ok
gae_uniprot_finetuned	GO:0042632	128	1.0	0.6574811276146587	0.2399310174706451	0.2924528301882338	759	187	17	0.2097730435640771	0.6854671280276816	0.3529411764705882	0.2647058823529412	0.5294117647058824	0.89	ok
gae_uniprot_finetuned	GO:0043488	128	1000.0	0.6866329859580764	0.834548525040752	0.2960288808659294	1388	343	32	0.2600065094495125	0.6998593247588425	0.2950819672131147	0.3103448275862069	0.28125	2.83	ok
gae_uniprot_finetuned	GO:0045089	128	1000.0	0.7917442423599392	0.3589712373780589	0.4976076555018938	1684	537	56	0.4511347508761629	0.7277621027621028	0.4536082474226804	0.5365853658536586	0.3928571428571428	4.18	ok
gae_uniprot_finetuned	GO:0045787	128	1000.0	0.6731742991764694	0.1176399203750211	0.3848396501453018	1724	550	64	0.2598725215896142	0.7125450102880658	0.3204419889502762	0.2478632478632478	0.453125	4.94	ok
gae_uniprot_finetuned	GO:0045814	128	1000.0	0.7426617082848717	0.7165439630471226	0.3710407239814058	1360	339	30	0.4294958661254038	0.8175836030204963	0.4590163934426229	0.4516129032258064	0.4666666666666667	2.79	ok
gae_uniprot_finetuned	GO:0046034	128	1000.0	0.8044081800044918	0.6356264830907676	0.4262295081962238	949	233	20	0.4865656264318915	0.8448356807511737	0.4680851063829787	0.4074074074074074	0.55	1.51	ok
gae_uniprot_finetuned	GO:0050679	128	1.0	0.7001967918483892	0.2907445720033684	0.3171247357289463	1622	430	38	0.1990451526343666	0.6951530612244896	0.2689075630252101	0.1975308641975308	0.4210526315789473	3.42	ok
gae_uniprot_finetuned	GO:0050680	128	1.0	0.6466554789966305	0.0333111679397159	0.2487562189050796	1169	290	27	0.1381947070415383	0.6076608928319955	0.2127659574468085	0.1492537313432835	0.3703703703703703	2.0	ok
gae_uniprot_finetuned	GO:0050731	128	1000.0	0.7031352411400015	0.5409750819633778	0.3763440860210055	998	254	23	0.3037630677756764	0.8114059853190289	0.2790697674418604	0.3	0.2608695652173913	1.5	ok
gae_uniprot_finetuned	GO:0050796	128	1000.0	0.689712133083661	0.8702777074592216	0.3679245283014268	1484	368	34	0.3998477623974777	0.7464776329693553	0.4	0.625	0.2941176470588235	3.37	ok
gae_uniprot_finetuned	GO:0050890	128	1.0	0.6095862670896878	-0.7185986197702744	0.2975653742106477	1725	559	65	0.1843311049885158	0.6508564310183744	0.2693409742120344	0.1654929577464788	0.7230769230769231	4.22	ok
gae_uniprot_finetuned	GO:0051310	128	1000.0	0.7572506917887138	0.7396402423627411	0.4242424242419252	687	171	15	0.4651243187004594	0.8893162393162394	0.4878048780487805	0.3846153846153846	0.6666666666666666	0.77	ok
gae_uniprot_finetuned	GO:0051865	128	10.0	0.7091685870581999	0.8329388601630285	0.3289473684205873	597	146	12	0.1396571560578112	0.6324626865671641	0.1714285714285714	0.1304347826086956	0.25	0.57	ok
gae_uniprot_finetuned	GO:0060828	128	1000.0	0.7182109973680264	-0.0134511984845313	0.3653846153841797	1653	536	49	0.3483801446661018	0.7263546075514394	0.2827225130890052	0.1901408450704225	0.5510204081632653	3.79	ok
gae_uniprot_finetuned	GO:0061844	128	1000.0	0.8922038063276044	0.3816593070049907	0.7191011235950062	1043	259	21	0.7188332175696022	0.8979591836734694	0.5945945945945946	0.6875	0.5238095238095238	1.34	ok
gae_uniprot_finetuned	GO:0070555	128	1000.0	0.7577275782403987	0.4997693797317888	0.3979591836729862	858	216	20	0.4886804747111295	0.7839285714285714	0.4285714285714285	0.4090909090909091	0.45	1.05	ok
gae_uniprot_finetuned	GO:0090303	128	1.0	0.8144922557540454	0.0029886820331417	0.3999999999995968	525	132	12	0.2235485625265496	0.6590277777777778	0.2272727272727272	0.15625	0.4166666666666667	0.37	ok
gae_uniprot_finetuned	GO:0097190	128	1000.0	0.7563330984304946	0.5024040215189274	0.4811320754712133	1702	545	61	0.5256024031964713	0.8410784446551957	0.5517241379310345	0.5818181818181818	0.5245901639344263	3.84	ok
gae_uniprot_finetuned	GO:0097191	128	100.0	0.8058806688043977	0.2765125940059214	0.4814814814809953	976	243	21	0.3885642584230747	0.7953667953667953	0.4705882352941176	0.4	0.5714285714285714	1.03	ok
gae_uniprot_finetuned	GO:1901224	128	0.1	0.7264832568048316	0.252363019809926	0.3664122137399898	523	129	12	0.4492463741195511	0.8162393162393162	0.4090909090909091	0.28125	0.75	0.41	ok
gae_uniprot_finetuned	GO:2000781	128	1000.0	0.6858858060120765	0.4799858840735762	0.328358208954735	626	156	14	0.1154820519932463	0.5694164989939638	0.1379310344827586	0.1333333333333333	0.1428571428571428	0.65	ok
gae_uniprot_finetuned	GO:2001244	128	1.0	0.7394151085542086	0.30262243979547	0.3708609271518842	517	132	12	0.2611813178712395	0.8305555555555555	0.2307692307692307	0.2142857142857142	0.25	0.38	ok
gae_uniprot_fixed	GO:0000086	128	1.0	0.6310904024818459	-0.8152108689235795	0.2167182662536718	403	103	9	0.184940311815359	0.7174940898345153	0.1839080459770115	0.1025641025641025	0.8888888888888888	0.32	ok
gae_uniprot_fixed	GO:0000381	128	1000.0	0.7543667133814917	0.4356554765759135	0.3909774436085748	480	120	11	0.4608220924679443	0.8874061718098415	0.4705882352941176	0.3478260869565217	0.7272727272727273	0.43	ok
gae_uniprot_fixed	GO:0000724	128	1000.0	0.7911865246883009	0.4503399143594464	0.4705882352936225	993	249	22	0.4149346862959618	0.7623147777332798	0.375	0.3461538461538461	0.4090909090909091	1.49	ok
gae_uniprot_fixed	GO:0001578	128	1000.0	0.6982837607433717	0.9043571864641192	0.2897196261677328	1025	251	23	0.2372676297041505	0.7925247902364607	0.2666666666666666	0.2727272727272727	0.2608695652173913	1.76	ok
gae_uniprot_fixed	GO:0001649	128	0.1	0.7580117500300213	0.389873149802725	0.3438395415468462	1186	300	27	0.2102679405837721	0.7072310405643739	0.2368421052631578	0.1836734693877551	0.3333333333333333	1.83	ok
gae_uniprot_fixed	GO:0001654	128	1000.0	0.714029710776073	0.5139273427382323	0.4279069767436864	1768	563	76	0.3847610578061702	0.7459202420836486	0.3809523809523809	0.3943661971830985	0.3684210526315789	5.16	ok
gae_uniprot_fixed	GO:0001666	128	10.0	0.8294982290468059	0.1956236074514064	0.530386740331007	1681	538	55	0.4910052702966854	0.7806135893092415	0.4897959183673469	0.391304347826087	0.6545454545454545	3.28	ok
gae_uniprot_fixed	GO:0001837	128	0.1	0.686632564918321	0.3434393874918909	0.2476190476186238	706	178	16	0.2305426973750451	0.7083333333333333	0.2857142857142857	0.2121212121212121	0.4375	0.78	ok
gae_uniprot_fixed	GO:0001938	128	0.1	0.6985109837520577	0.8291178318910226	0.3636363636358817	771	192	16	0.1134491987111078	0.5330255681818182	0.0	0.0	0.0	0.9	ok
gae_uniprot_fixed	GO:0006325	128	1000.0	0.8038229673481126	-0.2727314590678344	0.6474050294270218	2196	669	182	0.6845312451110278	0.8299411061218043	0.5948103792415169	0.4670846394984326	0.8186813186813187	7.47	ok
gae_uniprot_fixed	GO:0006400	128	1000.0	0.8730903269680579	0.6201588179768525	0.4834123222744318	769	192	17	0.487286155394934	0.9196638655462184	0.5306122448979592	0.40625	0.7647058823529411	0.79	ok
gae_uniprot_fixed	GO:0006402	128	1000.0	0.8384298534836744	1.0380191227108426	0.4799999999995008	1009	254	23	0.5552313895899849	0.8392621870882739	0.4545454545454545	0.4761904761904761	0.4347826086956521	1.37	ok
gae_uniprot_fixed	GO:0006487	128	1000.0	0.8369870733381072	0.6041657595395247	0.4697986577176398	638	156	14	0.3716710313538779	0.8329979879275653	0.4117647058823529	0.35	0.5	0.68	ok
gae_uniprot_fixed	GO:0006493	128	1000.0	0.734962022885891	1.0141516702547264	0.3593749999995239	852	211	19	0.4402414359489301	0.8314144736842105	0.5128205128205128	0.5	0.5263157894736842	1.21	ok
gae_uniprot_fixed	GO:0006631	128	1000.0	0.8044779462806412	0.2707870725153114	0.5209125475280186	1707	551	62	0.488607339353031	0.8266376410053434	0.5039370078740157	0.4923076923076923	0.5161290322580645	4.68	ok
gae_uniprot_fixed	GO:0006693	128	0.1	0.6950760910424777	0.6451464258180117	0.3124999999995	332	83	7	0.1672030652617365	0.5714285714285715	0.0	0.0	0.0	0.27	ok
gae_uniprot_fixed	GO:0006813	128	1000.0	0.7025206411514596	0.3870730604390395	0.32222222222174	1580	390	36	0.29392842537164	0.777542372881356	0.2962962962962963	0.2666666666666666	0.3333333333333333	3.78	ok
gae_uniprot_fixed	GO:0006879	128	1000.0	0.5208329323503479	-0.4001135691810376	0.1818181818179122	564	144	13	0.1594807564961563	0.566059894304169	0.144578313253012	0.0857142857142857	0.4615384615384615	0.64	ok
gae_uniprot_fixed	GO:0006888	128	1000.0	0.7573145845442534	0.5469160420165124	0.3345724907058744	1016	251	22	0.2315966983050915	0.7669710202461294	0.2580645161290322	0.2	0.3636363636363636	1.46	ok
gae_uniprot_fixed	GO:0007189	128	100.0	0.7644332842904421	0.1562167807803804	0.3571428571423748	1376	346	32	0.4135431947427614	0.8138933121019108	0.4042553191489361	0.3064516129032258	0.59375	2.28	ok
gae_uniprot_fixed	GO:0007283	128	1000.0	0.6591457214847932	-0.5096792181826146	0.4390613171834967	1912	603	117	0.371452208124037	0.6666314937919876	0.3695652173913043	0.2709163346613545	0.5811965811965812	6.44	ok
gae_uniprot_fixed	GO:0007399	128	1000.0	0.717929499037767	-0.6777483375122322	0.6627867168772997	2631	877	393	0.6403254722101053	0.6963703656972221	0.6439957492029755	0.5529197080291971	0.7709923664122137	11.31	ok
gae_uniprot_fixed	GO:0007601	128	1000.0	0.7110538723597214	0.3999148932621619	0.3394683026580318	1637	481	44	0.2909485760557307	0.7583732057416268	0.3472222222222222	0.25	0.5681818181818182	3.98	ok
gae_uniprot_fixed	GO:0007605	128	0.1	0.6227775726167363	0.2245114612143435	0.2355658198610135	1415	351	30	0.1923739210197294	0.6495327102803738	0.2075471698113207	0.1447368421052631	0.3666666666666666	2.76	ok
gae_uniprot_fixed	GO:0008202	128	1000.0	0.8104627933311103	0.5928610345216463	0.4661246612461147	1666	543	48	0.262881635588162	0.738425925925926	0.3636363636363636	0.3529411764705882	0.375	3.89	ok
gae_uniprot_fixed	GO:0008584	128	1.0	0.6934152835453071	0.3489882597494712	0.2944444444440096	1245	307	29	0.1707779374028415	0.6618705035971223	0.2790697674418604	0.2105263157894736	0.4137931034482758	2.17	ok
gae_uniprot_fixed	GO:0010506	128	1000.0	0.6059541387137215	0.1799190130172887	0.3009259259255024	1710	549	66	0.2597914198477134	0.722880983750549	0.3187250996015936	0.2162162162162162	0.6060606060606061	4.8	ok
gae_uniprot_fixed	GO:0016236	128	1000.0	0.7317487986252624	0.5881452640495226	0.3189493433391569	1619	447	42	0.2006745809423847	0.690652557319224	0.2741935483870967	0.2073170731707317	0.4047619047619047	3.65	ok
gae_uniprot_fixed	GO:0031297	128	1000.0	0.704202203871691	0.8512990303709955	0.3934426229503424	407	101	9	0.2108585269124485	0.7355072463768115	0.25	0.2857142857142857	0.2222222222222222	0.36	ok
gae_uniprot_fixed	GO:0031398	128	1.0	0.6669342735176942	-0.0776503804918149	0.2483940042823574	934	235	21	0.136865309083813	0.5887850467289719	0.1913043478260869	0.1170212765957446	0.5238095238095238	1.32	ok
gae_uniprot_fixed	GO:0034341	128	1000.0	0.7396288864467976	0.0644568443399364	0.4347826086951682	909	227	21	0.4339015650387804	0.7059639389736477	0.3333333333333333	0.2727272727272727	0.4285714285714285	1.26	ok
gae_uniprot_fixed	GO:0035987	128	0.1	0.8124694972288555	0.292617679626549	0.3442622950815512	396	98	9	0.4567941552968776	0.8863920099875156	0.4242424242424242	0.2916666666666667	0.7777777777777778	0.26	ok
gae_uniprot_fixed	GO:0042476	128	0.1	0.7385017788562277	0.2661088546990982	0.3056478405311344	1016	252	22	0.2965550409569292	0.8001976284584981	0.3421052631578947	0.2407407407407407	0.5909090909090909	1.4	ok
gae_uniprot_fixed	GO:0042593	128	0.1	0.6860145271063584	-0.0216512615896852	0.2783505154635252	1613	423	38	0.1613022865475477	0.6679425837320574	0.2467532467532467	0.1637931034482758	0.5	3.67	ok
gae_uniprot_fixed	GO:0042632	128	0.1	0.6704126135678473	0.1580300890290347	0.3033175355445771	759	187	17	0.2711443606070556	0.7093425605536332	0.3333333333333333	0.2432432432432432	0.5294117647058824	0.92	ok
gae_uniprot_fixed	GO:0043488	128	1000.0	0.6746391558976237	0.0905035499135298	0.2794117647055245	1388	343	32	0.227884232181323	0.6751406752411575	0.232258064516129	0.1463414634146341	0.5625	2.85	ok
gae_uniprot_fixed	GO:0045089	128	1000.0	0.7436271345089196	0.4038647206531722	0.4355555555550557	1684	537	56	0.4166350348082022	0.7047817047817048	0.411214953271028	0.4313725490196078	0.3928571428571428	4.38	ok
gae_uniprot_fixed	GO:0045787	128	1000.0	0.681220183781059	0.0573200262923574	0.3890489913539983	1724	550	64	0.2488262341132708	0.6993634259259259	0.3020833333333333	0.2265625	0.453125	5.02	ok
gae_uniprot_fixed	GO:0045814	128	1000.0	0.7269961724199306	0.3995777934214155	0.3673469387750247	1360	339	30	0.4283868364642407	0.7842502696871628	0.4864864864864865	0.4090909090909091	0.6	2.71	ok
gae_uniprot_fixed	GO:0046034	128	1000.0	0.7643259859617658	0.6380535342977431	0.3841807909599528	949	233	20	0.2990936716428664	0.8028169014084507	0.44	0.3666666666666666	0.55	1.46	ok
gae_uniprot_fixed	GO:0050679	128	0.1	0.7067940767713742	0.0073008516500419	0.3230769230765046	1622	430	38	0.1765030789520851	0.6887083780880773	0.2790697674418604	0.1978021978021978	0.4736842105263157	3.6	ok
gae_uniprot_fixed	GO:0050680	128	0.1	0.6546817296165788	-0.0402406174385425	0.2635658914724659	1169	290	27	0.1642646505604203	0.6338543867060977	0.2298850574712643	0.1666666666666666	0.3703703703703703	2.14	ok
gae_uniprot_fixed	GO:0050731	128	1.0	0.7040915380472512	1.050259807019891	0.2820512820507982	998	254	23	0.263656477141001	0.7598343685300206	0.1379310344827586	0.3333333333333333	0.0869565217391304	1.34	ok
gae_uniprot_fixed	GO:0050796	128	1.0	0.6729352781953731	0.1529518512638349	0.2727272727268456	1484	368	34	0.230648734797021	0.6581542796759423	0.2745098039215686	0.2058823529411764	0.4117647058823529	3.07	ok
gae_uniprot_fixed	GO:0050890	128	0.1	0.6064256690204224	-0.716696572980014	0.2901178603804252	1725	559	65	0.1909652339195373	0.651510432886951	0.2702702702702703	0.167910447761194	0.6923076923076923	4.37	ok
gae_uniprot_fixed	GO:0051310	128	1000.0	0.7110100199011798	0.5310544749976138	0.347305389221087	687	171	15	0.3902854154690447	0.8286324786324786	0.3829787234042553	0.28125	0.6	0.81	ok
gae_uniprot_fixed	GO:0051865	128	1.0	0.7262832018455524	0.8152769209255731	0.348387096773732	597	146	12	0.1389471830748515	0.6256218905472637	0.1818181818181818	0.1428571428571428	0.25	0.55	ok
gae_uniprot_fixed	GO:0060828	128	1000.0	0.6724665117510176	-0.177975413644214	0.3196829590484883	1653	536	49	0.2890789408068354	0.7352386539831539	0.2780269058295964	0.1781609195402299	0.6326530612244898	4.45	ok
gae_uniprot_fixed	GO:0061844	128	1000.0	0.8853856721197758	0.5527171465393259	0.7039106145246401	1043	259	21	0.4047494475080372	0.7641056422569026	0.5263157894736842	0.5882352941176471	0.4761904761904761	1.35	ok
gae_uniprot_fixed	GO:0070555	128	0.1	0.7509164207882156	0.4650739835165065	0.3497757847529031	858	216	20	0.3610143778308748	0.8022959183673468	0.4642857142857143	0.3611111111111111	0.65	1.04	ok
gae_uniprot_fixed	GO:0090303	128	1.0	0.8187247947100992	0.6479262731112478	0.3801652892557163	525	132	12	0.2542658115662913	0.6444444444444445	0.2608695652173913	0.2727272727272727	0.25	0.37	ok
gae_uniprot_fixed	GO:0097190	128	100.0	0.7567279150428431	0.0859443531007282	0.4699453551907612	1702	545	61	0.4704757123976538	0.798536783633654	0.4761904761904761	0.4069767441860465	0.5737704918032787	3.83	ok
gae_uniprot_fixed	GO:0097191	128	100.0	0.8013663663663664	0.4207430264464182	0.4999999999995002	976	243	21	0.5123370388976093	0.8363363363363363	0.5	0.4444444444444444	0.5714285714285714	1.16	ok
gae_uniprot_fixed	GO:1901224	128	0.1	0.7102290047794516	0.1478917704895793	0.3310344827581732	523	129	12	0.3744571847926955	0.8383190883190883	0.4186046511627907	0.2903225806451613	0.75	0.44	ok
gae_uniprot_fixed	GO:2000781	128	0.1	0.658764733880225	-0.1767923648970458	0.2507836990592676	626	156	14	0.1278052996587713	0.56841046277666	0.1839080459770115	0.1095890410958904	0.5714285714285714	0.63	ok
gae_uniprot_fixed	GO:2001244	128	1.0	0.7474111362235464	0.8498316763669297	0.3720930232553207	517	132	12	0.281562074564807	0.8319444444444444	0.3333333333333333	0.5	0.25	0.44	ok
gat_structural	GO:0000086	128	1000.0	0.6303826565721807	0.0177007792245547	0.2499999999996384	403	103	9	0.3109675917172608	0.6040189125295508	0.2	0.1219512195121951	0.5555555555555556	0.12	ok
gat_structural	GO:0000381	128	0.1	0.6785590763915886	0.7620834332228822	0.2732919254654357	480	120	11	0.1749063970129546	0.69557964970809	0.2325581395348837	0.15625	0.4545454545454545	0.12	ok
gat_structural	GO:0000724	128	1000.0	0.6894918450389097	0.322232253890319	0.3225806451608483	993	249	22	0.2558595591920373	0.7513015618742491	0.3055555555555556	0.22	0.5	0.46	ok
gat_structural	GO:0001578	128	10.0	0.5937758633221937	0.7659436297197464	0.1943925233641987	1025	251	23	0.1400170079181586	0.6176582761250954	0.1897810218978102	0.1140350877192982	0.5652173913043478	0.47	ok
gat_structural	GO:0001649	128	1.0	0.6753754887901429	0.3007369716161876	0.2749140893466088	1186	300	27	0.1113843019227852	0.5380545380545381	0.1791044776119403	0.15	0.2222222222222222	0.61	ok
gat_structural	GO:0001654	128	100.0	0.6838317618345376	0.494659570673341	0.3909574468080242	1768	563	76	0.2977795254145493	0.7266562196044526	0.3492063492063492	0.2920353982300885	0.4342105263157895	1.57	ok
gat_structural	GO:0001666	128	10.0	0.8267620540575057	0.6088101992835935	0.518828451882347	1681	538	55	0.4593069817880008	0.8134387351778657	0.4444444444444444	0.375	0.5454545454545454	0.96	ok
gat_structural	GO:0001837	128	0.1	0.6298124035832071	0.5913626170770103	0.2741935483865973	706	178	16	0.1472914190638909	0.6161265432098765	0.1621621621621621	0.1428571428571428	0.1875	0.25	ok
gat_structural	GO:0001938	128	10.0	0.7595559117269463	0.3397651277436491	0.3999999999995245	771	192	16	0.2106722330231369	0.6981534090909091	0.2564102564102564	0.217391304347826	0.3125	0.27	ok
gat_structural	GO:0006325	128	1000.0	0.6647360756028046	-0.22833647106268	0.5476536042569168	2196	669	182	0.5005333634103931	0.6913825394318207	0.4735883424408014	0.3542234332425068	0.7142857142857143	2.61	ok
gat_structural	GO:0006400	128	1000.0	0.7601778810933197	0.3975300163456481	0.3464566929129796	769	192	17	0.2209297780797228	0.7247058823529412	0.3076923076923077	0.2083333333333333	0.5882352941176471	0.27	ok
gat_structural	GO:0006402	128	0.1	0.7084140487567437	0.9048125421786244	0.276094276093851	1009	254	23	0.2104337146567208	0.7061923583662714	0.2823529411764706	0.1935483870967742	0.5217391304347826	0.39	ok
gat_structural	GO:0006487	128	1000.0	0.7260090889425945	0.9835429560754712	0.3333333333328344	638	156	14	0.1871846602005228	0.6790744466800805	0.1379310344827586	0.1333333333333333	0.1428571428571428	0.22	ok
gat_structural	GO:0006493	128	100.0	0.5440207152712807	-0.7911945747115796	0.1862464183379103	852	211	19	0.1447502697157013	0.5575657894736842	0.1910112359550561	0.1069182389937107	0.8947368421052632	0.36	ok
gat_structural	GO:0006631	128	100.0	0.6911136503267435	-0.3434601128862633	0.3487179487175694	1707	551	62	0.2834717798583286	0.7088528267036084	0.2955326460481099	0.1877729257641921	0.6935483870967742	1.42	ok
gat_structural	GO:0006693	128	0.1	0.6885755514326943	0.0264138635688899	0.2903225806447784	332	83	7	0.2934343434343434	0.7669172932330828	0.2580645161290322	0.1666666666666666	0.5714285714285714	0.08	ok
gat_structural	GO:0006813	128	1000.0	0.6585698276122562	0.0648201182623182	0.3076923076918272	1580	390	36	0.2966732460276517	0.7291274325172631	0.3505154639175257	0.2786885245901639	0.4722222222222222	1.55	ok
gat_structural	GO:0006879	128	0.1	0.6113476685874877	0.1535964332435935	0.2137931034479771	564	144	13	0.1686826195410565	0.6394597768643571	0.1851851851851851	0.1219512195121951	0.3846153846153846	0.18	ok
gat_structural	GO:0006888	128	0.1	0.6572142328752872	0.9249210700682932	0.2476190476186394	1016	251	22	0.146554531773126	0.6498610559745931	0.1866666666666666	0.1320754716981132	0.3181818181818182	0.45	ok
gat_structural	GO:0007189	128	10.0	0.6759551802413378	0.7411416016635934	0.3039999999995	1376	346	32	0.3315924160019742	0.7385549363057324	0.3	0.3214285714285714	0.28125	0.81	ok
gat_structural	GO:0007283	128	1000.0	0.6265964625835687	-0.746324918622222	0.4101307189537783	1912	603	117	0.3835811868421922	0.6685484154619956	0.3761194029850746	0.2889908256880734	0.5384615384615384	2.4	ok
gat_structural	GO:0007399	128	1000.0	0.6762722126545477	-0.9617879048922856	0.6379624014549679	2631	877	393	0.6136471148548379	0.6653365718251215	0.6370370370370371	0.5007278020378457	0.8753180661577609	4.08	ok
gat_structural	GO:0007601	128	100.0	0.6969243141410061	0.3030949884809875	0.3022388059697147	1637	481	44	0.2073685320794217	0.681350114416476	0.2682926829268293	0.1833333333333333	0.5	1.15	ok
gat_structural	GO:0007605	128	0.1	0.6213828895789812	0.0704941852103993	0.2460136674255531	1415	351	30	0.1744416801670819	0.6427829698857737	0.2300884955752212	0.1566265060240964	0.4333333333333333	0.91	ok
gat_structural	GO:0008202	128	100.0	0.7606149264127847	0.5322977812385101	0.3966942148755504	1666	543	48	0.1818792937326862	0.6590488215488214	0.2519685039370078	0.2025316455696202	0.3333333333333333	1.19	ok
gat_structural	GO:0008584	128	0.1	0.6493270541733899	-0.4077921763769063	0.2456140350874197	1245	307	29	0.2025218569472918	0.5945174894567106	0.1939393939393939	0.1176470588235294	0.5517241379310345	0.72	ok
gat_structural	GO:0010506	128	10.0	0.5939832352034559	-0.3658513102528886	0.2935507783540226	1710	549	66	0.2545470724926665	0.7166698036263255	0.2761692650334075	0.1618798955613577	0.9393939393939394	1.42	ok
gat_structural	GO:0016236	128	1000.0	0.6138553614441306	0.4277258062300202	0.2439613526566828	1619	447	42	0.1486731994192143	0.6470899470899472	0.2222222222222222	0.1393939393939394	0.5476190476190477	1.24	ok
gat_structural	GO:0031297	128	0.1	0.6407826998784164	0.6159121187039931	0.2564102564098239	407	101	9	0.1027190766737401	0.5265700483091786	0.0	0.0	0.0	0.11	ok
gat_structural	GO:0031398	128	1000.0	0.6724244235325241	0.5703432650143476	0.2808510638293255	934	235	21	0.339017947679571	0.6942590120160214	0.2857142857142857	0.2285714285714285	0.3809523809523809	0.42	ok
gat_structural	GO:0034341	128	1.0	0.702885296486809	0.4756968068550504	0.3867403314912145	909	227	21	0.1595949144199197	0.6440129449838188	0.1951219512195122	0.2	0.1904761904761904	0.34	ok
gat_structural	GO:0035987	128	10.0	0.7373158778238992	0.7185659636682804	0.3488372093018388	396	98	9	0.3440570504295994	0.7877652933832708	0.3448275862068966	0.25	0.5555555555555556	0.1	ok
gat_structural	GO:0042476	128	10.0	0.7161412372565682	0.6102981031304117	0.3150183150178658	1016	252	22	0.2610974320750097	0.7440711462450592	0.2941176470588235	0.217391304347826	0.4545454545454545	0.4	ok
gat_structural	GO:0042593	128	100.0	0.6684134473981486	0.1061228710546879	0.2940108892917901	1613	423	38	0.1816165189971733	0.6312371838687629	0.2138364779874214	0.140495867768595	0.4473684210526316	1.2	ok
gat_structural	GO:0042632	128	1.0	0.6514298022448952	-0.0651346742988012	0.229629629629242	759	187	17	0.2750224623626088	0.6505190311418685	0.2903225806451613	0.2	0.5294117647058824	0.26	ok
gat_structural	GO:0043488	128	1000.0	0.6284896036729958	0.5247007703527196	0.2389705882349362	1388	343	32	0.1272207380273719	0.6070136655948554	0.2028985507246377	0.1320754716981132	0.4375	1.03	ok
gat_structural	GO:0045089	128	1000.0	0.6954337624961928	0.4979827537254158	0.3540229885052471	1684	537	56	0.1970346505687077	0.5967478467478468	0.218978102189781	0.1851851851851851	0.2678571428571428	1.44	ok
gat_structural	GO:0045787	128	1000.0	0.5999057632692633	-0.1545083607648516	0.3020496224375683	1724	550	64	0.1669973645054587	0.5985725308641976	0.265625	0.1770833333333333	0.53125	1.81	ok
gat_structural	GO:0045814	128	100.0	0.6174765094178749	0.811147278361843	0.2396694214871033	1360	339	30	0.1961409601336768	0.6037756202804747	0.1975308641975308	0.1568627450980392	0.2666666666666666	0.83	ok
gat_structural	GO:0046034	128	1000.0	0.7290858939972443	0.5002818499882355	0.3063829787229425	949	233	20	0.2993215460296105	0.7723004694835681	0.2941176470588235	0.2083333333333333	0.5	0.47	ok
gat_structural	GO:0050679	128	1.0	0.6911894147562593	0.2838388271429088	0.3208791208786716	1622	430	38	0.1938936404788309	0.7126074113856069	0.2857142857142857	0.2238805970149253	0.3947368421052631	1.22	ok
gat_structural	GO:0050680	128	0.1	0.64204547447167	-0.1835147008201872	0.2288557213927408	1169	290	27	0.1636108174160812	0.5655541473031968	0.1777777777777777	0.1111111111111111	0.4444444444444444	0.63	ok
gat_structural	GO:0050731	128	1.0	0.679989496782284	0.3353953665167898	0.2631578947364488	998	254	23	0.2295482519587733	0.7470355731225296	0.3218390804597701	0.21875	0.6086956521739131	0.44	ok
gat_structural	GO:0050796	128	10.0	0.6998804487731326	0.5731303508819994	0.2974683544298894	1484	368	34	0.2389727034571832	0.6007396970764354	0.2058823529411764	0.2058823529411764	0.2058823529411764	0.9	ok
gat_structural	GO:0050890	128	0.1	0.614455978423386	0.0902329535671383	0.3069767441856303	1725	559	65	0.1749364880195493	0.5957022734350669	0.2388059701492537	0.1576354679802955	0.4923076923076923	1.52	ok
gat_structural	GO:0051310	128	1000.0	0.6720643832561425	1.1081470215631892	0.300884955751719	687	171	15	0.2714940577866275	0.8055555555555556	0.2666666666666666	0.2666666666666666	0.2666666666666666	0.24	ok
gat_structural	GO:0051865	128	1000.0	0.7095715629812839	0.7051047343565386	0.316455696202074	597	146	12	0.091919235482381	0.5217661691542288	0.1025641025641025	0.074074074074074	0.1666666666666666	0.2	ok
gat_structural	GO:0060828	128	100.0	0.6822942414702208	0.4686786174718418	0.3207920792074423	1653	536	49	0.2452643673550307	0.702593973934543	0.3211678832116788	0.25	0.4489795918367347	1.13	ok
gat_structural	GO:0061844	128	1000.0	0.7219590059740598	0.3524010502627082	0.3650793650789015	1043	259	21	0.2172253792586765	0.6600640256102441	0.2413793103448276	0.1891891891891892	0.3333333333333333	0.55	ok
gat_structural	GO:0070555	128	0.1	0.698568658825069	0.1658716127480735	0.2723735408556023	858	216	20	0.4583860086964453	0.8017857142857143	0.4193548387096774	0.3095238095238095	0.65	0.32	ok
gat_structural	GO:0090303	128	1.0	0.7817109712301861	0.7549899574284731	0.4299065420555782	525	132	12	0.1680290534392702	0.6819444444444445	0.1052631578947368	0.1428571428571428	0.0833333333333333	0.13	ok
gat_structural	GO:0097190	128	100.0	0.7807808458000977	0.4554052908263082	0.5022421524658744	1702	545	61	0.5011016515302855	0.7870207288985233	0.5079365079365079	0.4923076923076923	0.5245901639344263	1.11	ok
gat_structural	GO:0097191	128	10.0	0.8073443782765817	0.2899839197963756	0.5242718446597021	976	243	21	0.6095793310972957	0.8213213213213213	0.48	0.4137931034482758	0.5714285714285714	0.33	ok
gat_structural	GO:1901224	128	0.1	0.6404991694827883	0.3432696877577401	0.2647058823524802	523	129	12	0.4502000863261295	0.7806267806267806	0.4117647058823529	0.3181818181818182	0.5833333333333334	0.15	ok
gat_structural	GO:2000781	128	1000.0	0.6236054726507452	0.2319812841936794	0.2466960352419146	626	156	14	0.1556735306209647	0.5900402414486923	0.2	0.1388888888888889	0.3571428571428571	0.25	ok
gat_structural	GO:2001244	128	1.0	0.6809131223888775	0.9650312169544846	0.3235294117642907	517	132	12	0.4107998058871375	0.825	0.4444444444444444	0.6666666666666666	0.3333333333333333	0.13	ok
gat_uniprot_finetuned	GO:0000086	128	1000.0	0.7861791569308564	0.5768066666825575	0.3888888888883889	403	103	9	0.1409506911059176	0.6052009456264775	0.16	0.125	0.2222222222222222	0.33	ok
gat_uniprot_finetuned	GO:0000381	128	1000.0	0.707682472608581	0.8593461099269071	0.3636363636358639	480	120	11	0.3613913683035731	0.8398665554628856	0.3157894736842105	0.375	0.2727272727272727	0.4	ok
gat_uniprot_finetuned	GO:0000724	128	1000.0	0.8002918818432988	0.5913793121200381	0.4497607655497464	993	249	22	0.3701056429654973	0.7945534641569885	0.4313725490196078	0.3793103448275862	0.5	1.29	ok
gat_uniprot_finetuned	GO:0001578	128	1000.0	0.6928556638521091	0.1703254655152708	0.2955326460476751	1025	251	23	0.4499555163903466	0.7990083905415714	0.4054054054054054	0.2941176470588235	0.6521739130434783	1.71	ok
gat_uniprot_finetuned	GO:0001649	128	0.1	0.7504821430555841	0.4830174388430654	0.3501945525286933	1186	300	27	0.1567371196993915	0.5684439017772351	0.2711864406779661	0.25	0.2962962962962963	1.69	ok
gat_uniprot_finetuned	GO:0001654	128	1.0	0.7408084011189132	0.0299767278550234	0.4412416851436703	1768	563	76	0.4257735413718256	0.7999567707770452	0.4622222222222222	0.348993288590604	0.6842105263157895	4.08	ok
gat_uniprot_finetuned	GO:0001666	128	1.0	0.8293476316669731	0.6064790564432375	0.5394190871364319	1681	538	55	0.5010876552646124	0.8016186711838885	0.4923076923076923	0.4266666666666667	0.5818181818181818	2.96	ok
gat_uniprot_finetuned	GO:0001837	128	0.1	0.6870382700215721	0.3154500519176813	0.2923976608182451	706	178	16	0.2481144145205416	0.7426697530864198	0.2978723404255319	0.2258064516129032	0.4375	0.73	ok
gat_uniprot_finetuned	GO:0001938	128	0.1	0.7406142052430064	0.5733580841381659	0.3398692810452534	771	192	16	0.1546466117918291	0.63671875	0.1621621621621621	0.1428571428571428	0.1875	0.8	ok
gat_uniprot_finetuned	GO:0006325	128	1000.0	0.7737255021605933	-0.1703408339788845	0.6231555051073437	2196	669	182	0.6372416571430677	0.7979556377913667	0.5874730021598272	0.4839857651245551	0.7472527472527473	8.45	ok
gat_uniprot_finetuned	GO:0006400	128	10.0	0.8323930145973354	0.5443181632545215	0.4361702127654848	769	192	17	0.3365390308700974	0.855126050420168	0.3703703703703703	0.2702702702702703	0.5882352941176471	0.71	ok
gat_uniprot_finetuned	GO:0006402	128	0.1	0.7579765992558246	0.9101662861735678	0.3376623376618541	1009	254	23	0.3903469576219464	0.7989836250705816	0.358974358974359	0.4375	0.3043478260869565	1.28	ok
gat_uniprot_finetuned	GO:0006487	128	1000.0	0.7633680742033656	-0.0364621119967312	0.4556962025311745	638	156	14	0.6800464448678734	0.9270623742454728	0.5714285714285714	0.4285714285714285	0.8571428571428571	0.66	ok
gat_uniprot_finetuned	GO:0006493	128	1000.0	0.6610259748880689	0.2613770170962048	0.2912621359218595	852	211	19	0.2458568855279718	0.6929824561403509	0.4	0.3225806451612903	0.5263157894736842	1.16	ok
gat_uniprot_finetuned	GO:0006631	128	100.0	0.7991052747417751	-0.0640837032424603	0.4865671641786381	1707	551	62	0.4579082384337163	0.7533808298700442	0.3937823834196891	0.2900763358778626	0.6129032258064516	3.77	ok
gat_uniprot_finetuned	GO:0006693	128	0.1	0.719449961802903	0.7317097954088692	0.3673469387750571	332	83	7	0.1930839002267573	0.7424812030075187	0.0	0.0	0.0	0.24	ok
gat_uniprot_finetuned	GO:0006813	128	100.0	0.6840742528332312	-0.179394138635299	0.3150984682708999	1580	390	36	0.3125019752708916	0.7855461393596986	0.3826086956521739	0.2784810126582278	0.6111111111111112	3.15	ok
gat_uniprot_finetuned	GO:0006879	128	0.1	0.6046756564803498	0.8046035581861173	0.2921348314601924	564	144	13	0.1712692469327281	0.6746917204932472	0.24	0.25	0.2307692307692307	0.51	ok
gat_uniprot_finetuned	GO:0006888	128	1000.0	0.6981599740067024	0.5358099983499187	0.3879310344822838	1016	251	22	0.2056550748877517	0.7181421198888447	0.2962962962962963	0.25	0.3636363636363636	1.28	ok
gat_uniprot_finetuned	GO:0007189	128	10.0	0.8111610084081735	0.3182239717387003	0.4679245283013884	1376	346	32	0.4533744055632379	0.7950835987261146	0.4444444444444444	0.4	0.5	1.88	ok
gat_uniprot_finetuned	GO:0007283	128	100.0	0.6683762987788784	-0.4423144744815639	0.4480122324154452	1912	603	117	0.3821446906784397	0.6955611832155042	0.4128686327077748	0.30078125	0.6581196581196581	5.3	ok
gat_uniprot_finetuned	GO:0007399	128	1000.0	0.7146308108220999	-0.483685278945662	0.6592393392234766	2631	877	393	0.6596231724559474	0.729212667970475	0.6530147895335608	0.5905349794238683	0.7302798982188295	14.5	ok
gat_uniprot_finetuned	GO:0007601	128	1.0	0.7527058200748243	0.2058921386009886	0.3579335793353614	1637	481	44	0.2493457646206406	0.7500520074890784	0.3164556962025316	0.219298245614035	0.5681818181818182	3.09	ok
gat_uniprot_finetuned	GO:0007605	128	0.1	0.6536139965906442	-0.6590890990223676	0.2314049586774277	1415	351	30	0.3276614343921855	0.7707165109034269	0.2511627906976744	0.1459459459459459	0.9	2.77	ok
gat_uniprot_finetuned	GO:0008202	128	10.0	0.7622913764855214	0.2422300707367519	0.3968871595326012	1666	543	48	0.258491531521669	0.7217592592592592	0.352112676056338	0.2659574468085106	0.5208333333333334	3.29	ok
gat_uniprot_finetuned	GO:0008584	128	1.0	0.6871316897912642	0.2850595980453075	0.2666666666662508	1245	307	29	0.2075420234946758	0.6865542049119325	0.2886597938144329	0.2058823529411764	0.4827586206896552	2.15	ok
gat_uniprot_finetuned	GO:0010506	128	100.0	0.6037095646828913	-0.1832418812618899	0.2949701619774867	1710	549	66	0.2024867197022876	0.6519543258673693	0.2606382978723404	0.1580645161290322	0.7424242424242424	4.35	ok
gat_uniprot_finetuned	GO:0016236	128	1000.0	0.7313267948759236	0.4598474052792412	0.3339960238564153	1619	447	42	0.2308573941233689	0.7037624926513815	0.2608695652173913	0.2054794520547945	0.3571428571428571	3.36	ok
gat_uniprot_finetuned	GO:0031297	128	1000.0	0.7163571709446908	0.2487268361264583	0.3488372093018353	407	101	9	0.1920034227263143	0.6473429951690821	0.2	0.1818181818181818	0.2222222222222222	0.32	ok
gat_uniprot_finetuned	GO:0031398	128	100.0	0.6537485905552289	0.4874122839920138	0.2672811059903068	934	235	21	0.1999549964380285	0.7064975522919449	0.3076923076923077	0.2580645161290322	0.3809523809523809	1.23	ok
gat_uniprot_finetuned	GO:0034341	128	100.0	0.7084955696563409	0.6330417545811978	0.3214285714280714	909	227	21	0.4070509728327054	0.6944059177068885	0.4	0.4210526315789473	0.3809523809523809	1.11	ok
gat_uniprot_finetuned	GO:0035987	128	1.0	0.7715715508496257	0.295364371503508	0.3739837398369843	396	98	9	0.4250410083743416	0.9126092384519352	0.4864864864864865	0.3214285714285714	1.0	0.26	ok
gat_uniprot_finetuned	GO:0042476	128	0.1	0.7430846580102344	-0.030688442894271	0.299559471365313	1016	252	22	0.2342754063557636	0.766205533596838	0.288135593220339	0.1770833333333333	0.7727272727272727	1.19	ok
gat_uniprot_finetuned	GO:0042593	128	0.1	0.6961838633995255	-0.1259350856802824	0.2725925925922372	1613	423	38	0.2141992340435259	0.6396445659603555	0.2248520710059171	0.1450381679389313	0.5	3.35	ok
gat_uniprot_finetuned	GO:0042632	128	0.1	0.704002096481258	0.415468157236365	0.3425414364636115	759	187	17	0.4218490431070226	0.6685121107266435	0.3404255319148936	0.2666666666666666	0.4705882352941176	0.73	ok
gat_uniprot_finetuned	GO:0043488	128	1000.0	0.6731002644932694	0.5717629210080011	0.2754491017959359	1388	343	32	0.1955548211879395	0.6801647909967846	0.2465753424657534	0.2195121951219512	0.28125	2.75	ok
gat_uniprot_finetuned	GO:0045089	128	1000.0	0.7414090781275586	-0.0213312610270968	0.4472727272722472	1684	537	56	0.403994916721226	0.7404588654588655	0.3850931677018633	0.2952380952380952	0.5535714285714286	4.53	ok
gat_uniprot_finetuned	GO:0045787	128	1000.0	0.6612681466415772	0.1495263253262857	0.3768595041317412	1724	550	64	0.2446772787529142	0.649562757201646	0.2994011976047904	0.2427184466019417	0.390625	5.45	ok
gat_uniprot_finetuned	GO:0045814	128	100.0	0.6964248726751959	0.4533419873736335	0.3609022556386012	1360	339	30	0.4532110463238158	0.7776699029126214	0.4857142857142857	0.425	0.5666666666666667	2.25	ok
gat_uniprot_finetuned	GO:0046034	128	1000.0	0.796870643159708	0.1655616888513176	0.4454148471611052	949	233	20	0.3947916442926098	0.7492957746478874	0.4230769230769231	0.34375	0.55	1.32	ok
gat_uniprot_finetuned	GO:0050679	128	0.1	0.7158182001886004	0.430465950393112	0.3458646616536602	1622	430	38	0.2314261069118645	0.7097207303974221	0.3461538461538461	0.2727272727272727	0.4736842105263157	3.27	ok
gat_uniprot_finetuned	GO:0050680	128	0.1	0.6544760446447403	-0.2999298455425507	0.2567567567564585	1169	290	27	0.2200707793529869	0.658498802985495	0.2575757575757575	0.1619047619047619	0.6296296296296297	1.85	ok
gat_uniprot_finetuned	GO:0050731	128	1.0	0.6873146631502617	0.3308564583825492	0.2782608695648262	998	254	23	0.3546875791104478	0.7651044607566346	0.3137254901960784	0.2025316455696202	0.6956521739130435	1.25	ok
gat_uniprot_finetuned	GO:0050796	128	0.1	0.674710218736155	0.3041059374365697	0.3072776280318806	1484	368	34	0.2682831840099483	0.6688974991194083	0.3023255813953488	0.25	0.3823529411764705	2.72	ok
gat_uniprot_finetuned	GO:0050890	128	0.1	0.623733816872888	-0.4533570931060585	0.3012987012983582	1725	559	65	0.2172721139142533	0.6260666459047025	0.2544378698224852	0.1575091575091575	0.6615384615384615	4.6	ok
gat_uniprot_finetuned	GO:0051310	128	1000.0	0.7409411624490363	0.5110331727075046	0.4341085271312832	687	171	15	0.6486859091462671	0.95	0.6470588235294118	0.5789473684210527	0.7333333333333333	0.7	ok
gat_uniprot_finetuned	GO:0051865	128	100.0	0.704513726235402	0.677203840320189	0.29508196721269	597	146	12	0.0904525601364316	0.4944029850746268	0.0625	0.05	0.0833333333333333	0.54	ok
gat_uniprot_finetuned	GO:0060828	128	1.0	0.6994781370236716	0.354604036127491	0.3351158645271704	1653	536	49	0.2962859912431428	0.6944223274525416	0.2804878048780488	0.2	0.4693877551020408	3.43	ok
gat_uniprot_finetuned	GO:0061844	128	100.0	0.8295070420020662	0.0900817384719627	0.5741626794253445	1043	259	21	0.5742589909732209	0.8085234093637454	0.5	0.4782608695652174	0.5238095238095238	1.03	ok
gat_uniprot_finetuned	GO:0070555	128	100.0	0.779544210313441	0.662530389213118	0.3976608187129523	858	216	20	0.3914518467954595	0.7714285714285715	0.4545454545454545	0.4166666666666667	0.5	0.84	ok
gat_uniprot_finetuned	GO:0090303	128	1.0	0.8258911840368156	0.2937001548310826	0.430769230768761	525	132	12	0.1640137969305611	0.7020833333333333	0.08	0.0769230769230769	0.0833333333333333	0.33	ok
gat_uniprot_finetuned	GO:0097190	128	10.0	0.7841046669113639	0.2332524120913973	0.5021276595739699	1702	545	61	0.5132704554249985	0.8104254166102154	0.4857142857142857	0.430379746835443	0.5573770491803278	3.06	ok
gat_uniprot_finetuned	GO:0097191	128	10.0	0.8110384537079453	0.4283854842267632	0.4808743169393908	976	243	21	0.401477185737031	0.779064779064779	0.4313725490196078	0.3666666666666666	0.5238095238095238	0.95	ok
gat_uniprot_finetuned	GO:1901224	128	0.1	0.6506369088531225	0.0414077116105737	0.2992125984247229	523	129	12	0.3319001728519404	0.7685185185185185	0.3783783783783784	0.28	0.5833333333333334	0.44	ok
gat_uniprot_finetuned	GO:2000781	128	100.0	0.6448852553872572	0.4245788288218532	0.2753623188400948	626	156	14	0.3321408867351691	0.7303822937625755	0.4242424242424242	0.3684210526315789	0.5	0.55	ok
gat_uniprot_finetuned	GO:2001244	128	1.0	0.6796067050202041	0.172498752760851	0.3578947368416053	517	132	12	0.5286581392463745	0.8416666666666667	0.4545454545454545	0.5	0.4166666666666667	0.41	ok
gat_uniprot_fixed	GO:0000086	128	10.0	0.817825912887888	0.7489875588614381	0.3950617283945679	403	103	9	0.4087863915099776	0.6713947990543735	0.3703703703703703	0.2777777777777778	0.5555555555555556	0.27	ok
gat_uniprot_fixed	GO:0000381	128	0.1	0.7678845948796688	0.6651619101726665	0.4545454545449711	480	120	11	0.3171934296968767	0.7914929107589659	0.32	0.2857142857142857	0.3636363636363636	0.38	ok
gat_uniprot_fixed	GO:0000724	128	1000.0	0.8041856006348432	0.4011586945971039	0.4585365853653589	993	249	22	0.4490599097524045	0.7913496195434521	0.4	0.3333333333333333	0.5	1.15	ok
gat_uniprot_fixed	GO:0001578	128	1000.0	0.6937417202903394	0.5263640952185789	0.2718446601936795	1025	251	23	0.2861645415438203	0.746186117467582	0.2692307692307692	0.2413793103448276	0.3043478260869565	1.52	ok
gat_uniprot_fixed	GO:0001649	128	10.0	0.7491311455335107	0.4584609517570743	0.3678160919535353	1186	300	27	0.1810770713712982	0.680369013702347	0.2068965517241379	0.1935483870967742	0.2222222222222222	1.58	ok
gat_uniprot_fixed	GO:0001654	128	100.0	0.7613491293299136	-0.0305744929976761	0.4830805134184388	1768	563	76	0.3876058183737641	0.7553496163406462	0.4716981132075472	0.3676470588235294	0.6578947368421053	4.3	ok
gat_uniprot_fixed	GO:0001666	128	1.0	0.8337729396329099	0.5062129051949262	0.5550660792946542	1681	538	55	0.5745749895770216	0.8047430830039525	0.5483870967741935	0.4927536231884058	0.6181818181818182	2.8	ok
gat_uniprot_fixed	GO:0001837	128	10.0	0.7138746710649609	0.260620513265672	0.3232323232318857	706	178	16	0.2926882905611599	0.6431327160493827	0.2325581395348837	0.1851851851851851	0.3125	0.67	ok
gat_uniprot_fixed	GO:0001938	128	1.0	0.7572295358365123	0.2984919031895549	0.3915343915339199	771	192	16	0.2501552846051499	0.7073863636363636	0.3673469387755102	0.2727272727272727	0.5625	0.77	ok
gat_uniprot_fixed	GO:0006325	128	1000.0	0.8033091099788477	0.1149360676451012	0.6484131922832612	2196	669	182	0.6944379434010671	0.8229686124963331	0.6146572104018913	0.5394190871369294	0.7142857142857143	7.52	ok
gat_uniprot_fixed	GO:0006400	128	1000.0	0.8154050715870135	0.4232764767779358	0.4444444444439569	769	192	17	0.4829495225796457	0.9287394957983194	0.4888888888888889	0.3928571428571428	0.6470588235294118	0.75	ok
gat_uniprot_fixed	GO:0006402	128	100.0	0.8180755906175262	0.4235549903429803	0.4237918215608905	1009	254	23	0.3659115978458089	0.8322981366459627	0.4155844155844156	0.2962962962962963	0.6956521739130435	1.01	ok
gat_uniprot_fixed	GO:0006487	128	1000.0	0.7662873515634324	0.0212093507947344	0.4417177914105778	638	156	14	0.4640954446954255	0.8827967806841046	0.4444444444444444	0.3225806451612903	0.7142857142857143	0.59	ok
gat_uniprot_fixed	GO:0006493	128	1000.0	0.7835870821431706	0.2361983807654279	0.4044943820219795	852	211	19	0.5615111717579717	0.8459429824561404	0.52	0.4193548387096774	0.6842105263157895	0.92	ok
gat_uniprot_fixed	GO:0006631	128	1000.0	0.8058475245022182	0.3912568234749509	0.5423076923071934	1707	551	62	0.4720622285301555	0.8154231809486114	0.5217391304347826	0.4736842105263157	0.5806451612903226	4.14	ok
gat_uniprot_fixed	GO:0006693	128	1.0	0.7968255180860222	0.4417254648823545	0.4186046511623235	332	83	7	0.2621837196417028	0.8120300751879699	0.2105263157894736	0.1666666666666666	0.2857142857142857	0.2	ok
gat_uniprot_fixed	GO:0006813	128	10.0	0.7308315969344502	0.2865375866341302	0.3366834170849626	1580	390	36	0.2390349991995075	0.7582391713747646	0.2558139534883721	0.22	0.3055555555555556	2.73	ok
gat_uniprot_fixed	GO:0006879	128	0.1	0.6365161189164136	-0.1737583469031497	0.2105263157892433	564	144	13	0.1572530796474908	0.6958308866705814	0.2268041237113402	0.1309523809523809	0.8461538461538461	0.53	ok
gat_uniprot_fixed	GO:0006888	128	100.0	0.7651287985904299	0.6976769807908356	0.4097560975604831	1016	251	22	0.3067926178904711	0.7882096069868995	0.2978723404255319	0.28	0.3181818181818182	1.13	ok
gat_uniprot_fixed	GO:0007189	128	1.0	0.8454089743741373	0.4794424969298135	0.4883720930227563	1376	346	32	0.507865857390437	0.8828622611464968	0.463768115942029	0.4324324324324324	0.5	1.59	ok
gat_uniprot_fixed	GO:0007283	128	100.0	0.7005650791987978	-0.5363463214389007	0.4747866563222708	1912	603	117	0.4311348661298779	0.6844993141289437	0.3811881188118812	0.2682926829268293	0.6581196581196581	5.65	ok
gat_uniprot_fixed	GO:0007399	128	1000.0	0.7217681168866553	-0.5853098962250654	0.6638267660627009	2631	877	393	0.6355671383081015	0.709424221395075	0.6623376623376623	0.576271186440678	0.7786259541984732	12.9	ok
gat_uniprot_fixed	GO:0007601	128	1.0	0.7456371013795802	0.1826344932002662	0.3300653594767215	1637	481	44	0.2181081048294489	0.7032452673184938	0.2842105263157894	0.184931506849315	0.6136363636363636	3.18	ok
gat_uniprot_fixed	GO:0007605	128	0.1	0.658349990006857	0.7096724074285633	0.269090909090411	1415	351	30	0.206943488593151	0.6625129802699896	0.1944444444444444	0.1666666666666666	0.2333333333333333	2.57	ok
gat_uniprot_fixed	GO:0008202	128	1.0	0.7966391702712969	0.5369232175109829	0.4317180616735175	1666	543	48	0.2691791597490048	0.7579124579124579	0.3387096774193548	0.2763157894736842	0.4375	3.03	ok
gat_uniprot_fixed	GO:0008584	128	10.0	0.6812380470772906	0.3091294627147698	0.3157894736837291	1245	307	29	0.249535317657373	0.7123542545274125	0.3013698630136986	0.25	0.3793103448275862	1.78	ok
gat_uniprot_fixed	GO:0010506	128	100.0	0.6707702773504618	0.2612443335939631	0.3597484276725132	1710	549	66	0.2215590271488012	0.6517974778844344	0.2548262548262548	0.1709844559585492	0.5	4.24	ok
gat_uniprot_fixed	GO:0016236	128	1000.0	0.7575190955666916	0.4271347199535569	0.36580516898564	1619	447	42	0.1985981050450318	0.693885949441505	0.2586206896551724	0.2027027027027027	0.3571428571428571	3.4	ok
gat_uniprot_fixed	GO:0031297	128	0.1	0.7918242959226566	0.801511662841758	0.3880597014920429	407	101	9	0.2371118211490387	0.7246376811594203	0.3157894736842105	0.3	0.3333333333333333	0.27	ok
gat_uniprot_fixed	GO:0031398	128	100.0	0.7234180288425452	0.4518671405840404	0.3436123348012936	934	235	21	0.3678268728802333	0.7254116599910992	0.2758620689655172	0.2162162162162162	0.3809523809523809	1.08	ok
gat_uniprot_fixed	GO:0034341	128	100.0	0.7399505360560021	0.2099830905110904	0.4444444444439495	909	227	21	0.4167095305997503	0.7031900138696255	0.3928571428571428	0.3142857142857143	0.5238095238095238	0.93	ok
gat_uniprot_fixed	GO:0035987	128	10.0	0.7776460170845197	0.2416616407826959	0.3925233644855349	396	98	9	0.274148263184441	0.745318352059925	0.375	0.2608695652173913	0.6666666666666666	0.25	ok
gat_uniprot_fixed	GO:0042476	128	0.1	0.7128953853489725	0.2402274817418446	0.2752808988760185	1016	252	22	0.3474678828050496	0.7824110671936759	0.2857142857142857	0.180722891566265	0.6818181818181818	1.13	ok
gat_uniprot_fixed	GO:0042593	128	0.1	0.6824155536584008	0.5012647869311202	0.2805970149248755	1613	423	38	0.191935879399015	0.6617908407382092	0.3516483516483517	0.3018867924528302	0.4210526315789473	3.29	ok
gat_uniprot_fixed	GO:0042632	128	0.1	0.7178213621802668	0.1960261147007034	0.3529411764701017	759	187	17	0.384279104544055	0.6930795847750865	0.4	0.3478260869565217	0.4705882352941176	0.79	ok
gat_uniprot_fixed	GO:0043488	128	10.0	0.7077135946577098	0.728869365792085	0.288235294117179	1388	343	32	0.1703040372875433	0.6905144694533762	0.238095238095238	0.1923076923076923	0.3125	2.26	ok
gat_uniprot_fixed	GO:0045089	128	100.0	0.7697783113492648	-0.0096786111309028	0.4855491329474884	1684	537	56	0.4667313882215249	0.757981882981883	0.4126984126984127	0.3714285714285714	0.4642857142857143	3.44	ok
gat_uniprot_fixed	GO:0045787	128	10.0	0.7124434635651905	0.6550361813861734	0.3822937625749537	1724	550	64	0.2975316346826617	0.6993312757201645	0.3283582089552239	0.3142857142857143	0.34375	3.89	ok
gat_uniprot_fixed	GO:0045814	128	100.0	0.8145528547659534	0.9391578368442692	0.4579439252331547	1360	339	30	0.3746706675402854	0.7752966558791802	0.3793103448275862	0.3928571428571428	0.3666666666666666	1.83	ok
gat_uniprot_fixed	GO:0046034	128	100.0	0.7493858376744639	0.4251810636247448	0.3762376237618888	949	233	20	0.3859444436005937	0.8096244131455399	0.3928571428571428	0.3055555555555556	0.55	1.14	ok
gat_uniprot_fixed	GO:0050679	128	0.1	0.7024173006874457	0.6110634917889683	0.3304347826082008	1622	430	38	0.2366455117582953	0.7034103114930182	0.2823529411764706	0.2553191489361702	0.3157894736842105	3.51	ok
gat_uniprot_fixed	GO:0050680	128	0.1	0.6494847848556967	-0.064368257558964	0.2528216704285251	1169	290	27	0.1401329509717573	0.5800591465990707	0.1818181818181818	0.125	0.3333333333333333	1.78	ok
gat_uniprot_fixed	GO:0050731	128	10.0	0.7608359876419778	0.7520051097311469	0.3723404255314151	998	254	23	0.418998241320363	0.7859966120835685	0.3773584905660377	0.3333333333333333	0.4347826086956521	1.12	ok
gat_uniprot_fixed	GO:0050796	128	1.0	0.7459046045301969	0.430498750169625	0.3620178041538213	1484	368	34	0.2233289587156205	0.7039450510743218	0.2588235294117647	0.2156862745098039	0.3235294117647059	2.51	ok
gat_uniprot_fixed	GO:0050890	128	0.1	0.6126299860188344	-0.1025920534415582	0.3019693654262945	1725	559	65	0.200801423352376	0.6185300529430084	0.264	0.1783783783783784	0.5076923076923077	4.38	ok
gat_uniprot_fixed	GO:0051310	128	100.0	0.8035337095714761	0.521794396359736	0.4387096774188723	687	171	15	0.4320768822868254	0.8371794871794872	0.3181818181818182	0.2413793103448276	0.4666666666666667	0.51	ok
gat_uniprot_fixed	GO:0051865	128	100.0	0.7531289454996063	0.8174902992430741	0.3361344537810143	597	146	12	0.2149811936739546	0.7269900497512438	0.24	0.2307692307692307	0.25	0.49	ok
gat_uniprot_fixed	GO:0060828	128	100.0	0.7009954394351428	0.1393744736683109	0.3322475570028181	1653	536	49	0.3577661582394505	0.7485647236307255	0.3152173913043478	0.2148148148148148	0.5918367346938775	3.59	ok
gat_uniprot_fixed	GO:0061844	128	10.0	0.8994044160441339	0.4500071559727108	0.5847953216369298	1043	259	21	0.7295517521875989	0.877751100440176	0.6666666666666666	0.7222222222222222	0.6190476190476191	0.89	ok
gat_uniprot_fixed	GO:0070555	128	10.0	0.8024979332671641	0.6046261339640531	0.461538461537963	858	216	20	0.3489408399087147	0.8540816326530613	0.48	0.4	0.6	0.85	ok
gat_uniprot_fixed	GO:0090303	128	0.1	0.8830462063442228	0.0231927448146144	0.5343511450376995	525	132	12	0.2152193282481465	0.7069444444444445	0.2857142857142857	0.25	0.3333333333333333	0.36	ok
gat_uniprot_fixed	GO:0097190	128	10.0	0.8034179654587462	0.4117712752506632	0.5309734513269389	1702	545	61	0.5132190387916336	0.8023980490448449	0.4909090909090909	0.5510204081632653	0.4426229508196721	3.35	ok
gat_uniprot_fixed	GO:0097191	128	10.0	0.8445495495495496	0.6641909435380288	0.5889570552142294	976	243	21	0.5789550496236336	0.8704418704418705	0.4888888888888889	0.4583333333333333	0.5238095238095238	0.89	ok
gat_uniprot_fixed	GO:1901224	128	10.0	0.7309640522875817	0.4056972100536995	0.3762376237618766	523	129	12	0.400121040280069	0.8105413105413105	0.3076923076923077	0.2857142857142857	0.3333333333333333	0.38	ok
gat_uniprot_fixed	GO:2000781	128	1.0	0.7753203423206503	0.4260897918578648	0.3529411764701644	626	156	14	0.2273578790820483	0.789235412474849	0.3829787234042553	0.2727272727272727	0.6428571428571429	0.51	ok
gat_uniprot_fixed	GO:2001244	128	1.0	0.74049551400589	0.287878633192573	0.4242424242419247	517	132	12	0.6362337943859683	0.8465277777777778	0.6086956521739131	0.6363636363636364	0.5833333333333334	0.38	ok
genept_raw	GO:0000086	3072	0.1	0.9098069138053144	0.0330659253963989	0.6315789473679556	403	103	9	0.7875220458553793	0.9645390070921986	0.7368421052631579	0.7	0.7777777777777778	3.47	ok
genept_raw	GO:0000381	3072	10.0	0.9932459877287464	-0.3647299368644949	0.9555555555550556	480	120	11	0.925189393939394	0.9808173477898248	0.8181818181818182	0.8181818181818182	0.8181818181818182	3.17	ok
genept_raw	GO:0000724	3072	1.0	0.9658569669993978	-0.195653391254315	0.8333333333328334	993	249	22	0.7786186059107594	0.972967561073288	0.875	0.8076923076923077	0.9545454545454546	12.02	ok
genept_raw	GO:0001578	3072	0.1	0.954435452781463	0.1196081332282408	0.7710843373489048	1025	251	23	0.9106529807621386	0.9816933638443937	0.8372093023255814	0.9	0.782608695652174	14.32	ok
genept_raw	GO:0001649	3072	0.1	0.8808424632492837	-0.1181323203690816	0.5999999999995049	1186	300	27	0.494947455851437	0.8213268213268212	0.4912280701754385	0.4666666666666667	0.5185185185185185	24.44	ok
genept_raw	GO:0001654	3072	0.1	0.9031547812795218	-0.0343704451765212	0.7395833333328373	1768	563	76	0.7738104494889679	0.9163784718469684	0.7402597402597403	0.7307692307692307	0.75	65.63	ok
genept_raw	GO:0001666	3072	1.0	0.8882856673945252	-0.0734615240377901	0.6174496644290303	1681	538	55	0.6298798672698764	0.9158102766798418	0.6451612903225806	0.5797101449275363	0.7272727272727273	49.24	ok
genept_raw	GO:0001837	3072	1.0	0.9582546434376956	-0.2760511319661166	0.7413793103443329	706	178	16	0.7794404068185876	0.9070216049382716	0.6875	0.6875	0.6875	7.95	ok
genept_raw	GO:0001938	3072	0.1	0.890509965046537	-0.2445990641098932	0.5621621621616867	771	192	16	0.5063667887052176	0.9243607954545454	0.5306122448979592	0.3939393939393939	0.8125	10.21	ok
genept_raw	GO:0006325	3072	1.0	0.941380096515577	-0.0024045148667474	0.8395396073116193	2196	669	182	0.9226925487045964	0.9573470677166775	0.8337874659400545	0.827027027027027	0.8406593406593407	93.59	ok
genept_raw	GO:0006400	3072	0.1	0.976165846864117	-0.2800855265356908	0.9115646258498404	769	192	17	0.988795518207283	0.998655462184874	0.8648648648648649	0.8	0.9411764705882352	7.47	ok
genept_raw	GO:0006402	3072	1.0	0.962368728115048	-0.1884321911093582	0.8342857142852151	1009	254	23	0.8864308033128175	0.9672501411631846	0.8695652173913043	0.8695652173913043	0.8695652173913043	11.4	ok
genept_raw	GO:0006487	3072	0.1	0.9609585533774916	-0.1860271485001383	0.8833333333328333	638	156	14	0.8747958364820191	0.9383802816901408	0.8571428571428571	0.8571428571428571	0.8571428571428571	5.58	ok
genept_raw	GO:0006493	3072	0.1	0.9584031726231528	-0.0117331792634686	0.8904109589036119	852	211	19	0.9174641148325356	0.9632675438596492	0.918918918918919	0.9444444444444444	0.8947368421052632	8.4	ok
genept_raw	GO:0006631	3072	10.0	0.9469717712954728	-0.2041048430615432	0.8384458077704612	1707	551	62	0.9393917023939966	0.9792697407480704	0.9016393442622952	0.9166666666666666	0.8870967741935484	33.48	ok
genept_raw	GO:0006693	3072	0.1	0.9426790716286516	-0.2166419947949927	0.8196721311470421	332	83	7	0.8526785714285714	0.949248120300752	0.8333333333333334	1.0	0.7142857142857143	2.19	ok
genept_raw	GO:0006813	3072	0.1	0.9699464329465596	-0.2471570697428763	0.8246153846148896	1580	390	36	0.9037505957107838	0.9817168863779032	0.8421052631578947	0.8	0.8888888888888888	23.47	ok
genept_raw	GO:0006879	3072	0.1	0.919154529998474	-0.0590648319321078	0.7912087912083047	564	144	13	0.7910865878812463	0.919553728714034	0.782608695652174	0.9	0.6923076923076923	5.66	ok
genept_raw	GO:0006888	3072	10.0	0.9661989990457998	-0.3051818216563851	0.8888888888883902	1016	251	22	0.8762358882947116	0.9275506153235412	0.85	0.9444444444444444	0.7727272727272727	11.11	ok
genept_raw	GO:0007189	3072	1.0	0.9850032209752068	-0.1545825899649953	0.9372384937233504	1376	346	32	0.976199335248022	0.9929339171974524	0.96875	0.96875	0.96875	16.45	ok
genept_raw	GO:0007283	3072	1.0	0.8946655138698593	-0.1501878277114495	0.7426636568843767	1912	603	117	0.7760919861156691	0.8706781330238119	0.684931506849315	0.7352941176470589	0.6410256410256411	71.46	ok
genept_raw	GO:0007399	3072	1.0	0.8632897235803018	-0.0588941037373941	0.7789745799219474	2631	877	393	0.8890879376193898	0.8942574600971548	0.8025157232704403	0.7935323383084577	0.811704834605598	190.04	ok
genept_raw	GO:0007601	3072	0.1	0.9457009006646327	-0.1815071122385217	0.7268041237108471	1637	481	44	0.6457254459365273	0.9128874557936344	0.66	0.5892857142857143	0.75	40.33	ok
genept_raw	GO:0007605	3072	0.1	0.8533666833411786	-0.1873898402899241	0.6178861788612897	1415	351	30	0.5833246064300072	0.9080996884735202	0.5079365079365079	0.4848484848484848	0.5333333333333333	37.12	ok
genept_raw	GO:0008202	3072	1.0	0.9388284998845644	-0.1251081896870334	0.7812499999995003	1666	543	48	0.7386032224495722	0.950715488215488	0.7102803738317757	0.6440677966101694	0.7916666666666666	38.14	ok
genept_raw	GO:0008584	3072	0.1	0.8585180584294059	0.114548840503903	0.6162162162157457	1245	307	29	0.6064118895587892	0.8434631605060778	0.625	0.7894736842105263	0.5172413793103449	27.02	ok
genept_raw	GO:0010506	3072	1.0	0.903477243787629	-0.1781960272693897	0.6885813148783967	1710	549	66	0.6492000663376252	0.9238032498902063	0.6419753086419753	0.5416666666666666	0.7878787878787878	53.36	ok
genept_raw	GO:0016236	3072	1.0	0.972114483833772	-0.4049792820080952	0.8258426966287155	1619	447	42	0.8881795358082628	0.9703115814226924	0.7912087912087912	0.7346938775510204	0.8571428571428571	29.87	ok
genept_raw	GO:0031297	3072	10.0	0.9494761510890544	-0.2370546200478801	0.8648648648643649	407	101	9	0.6034591464416026	0.964975845410628	0.7272727272727273	0.6153846153846154	0.8888888888888888	3.09	ok
genept_raw	GO:0031398	3072	0.1	0.9226364843629228	-0.1282446698240402	0.6826347305384222	934	235	21	0.7108379659168824	0.92456608811749	0.6153846153846154	0.6666666666666666	0.5714285714285714	13.84	ok
genept_raw	GO:0034341	3072	10.0	0.9085237074999722	-0.3431214575846305	0.6265060240958858	909	227	21	0.5696608893833572	0.9578132223763292	0.7659574468085106	0.6923076923076923	0.8571428571428571	13.35	ok
genept_raw	GO:0035987	3072	0.1	0.936598710261812	-0.3574400460624168	0.7594936708855798	396	98	9	0.9291747888239116	0.9862671660424468	0.7619047619047619	0.6666666666666666	0.8888888888888888	3.35	ok
genept_raw	GO:0042476	3072	1.0	0.9346585202777272	-0.3036637923267486	0.7142857142852145	1016	252	22	0.7538759294134311	0.9448616600790514	0.6	0.6666666666666666	0.5454545454545454	13.92	ok
genept_raw	GO:0042593	3072	1.0	0.8408746307380901	-0.4180852665346739	0.4935732647810106	1613	423	38	0.3878281718929588	0.8451811346548188	0.4631578947368421	0.3859649122807017	0.5789473684210527	43.19	ok
genept_raw	GO:0042632	3072	1.0	0.9078339793967324	0.0075251559738035	0.6324786324781553	759	187	17	0.7598317613246555	0.92560553633218	0.7096774193548387	0.7857142857142857	0.6470588235294118	9.21	ok
genept_raw	GO:0043488	3072	1.0	0.9311870654847066	-0.2686614115105157	0.7890624999995	1388	343	32	0.7946657775551118	0.9134344855305468	0.676923076923077	0.6666666666666666	0.6875	23.23	ok
genept_raw	GO:0045089	3072	1.0	0.945899110099946	-0.2721450441163514	0.8208616780040351	1684	537	56	0.8471961578403983	0.9357736857736856	0.7850467289719626	0.8235294117647058	0.75	39.79	ok
genept_raw	GO:0045787	3072	1.0	0.8234071064752633	-0.1560649522878826	0.565891472867717	1724	550	64	0.5856914936266656	0.8946116255144032	0.5633802816901409	0.5128205128205128	0.625	57.46	ok
genept_raw	GO:0045814	3072	1.0	0.947056153792766	-0.3740371753917855	0.8142292490113583	1360	339	30	0.8604796590635209	0.968284789644013	0.8064516129032258	0.78125	0.8333333333333334	20.35	ok
genept_raw	GO:0046034	3072	0.1	0.8863206722465057	-0.0407801832734343	0.6374999999995019	949	233	20	0.8447502880750963	0.9758215962441316	0.7111111111111111	0.64	0.8	14.6	ok
genept_raw	GO:0050679	3072	0.1	0.8683407154203947	0.0777676556952181	0.4811594202893602	1622	430	38	0.3938017824235219	0.8839285714285714	0.5102040816326531	0.4166666666666667	0.6578947368421053	46.72	ok
genept_raw	GO:0050680	3072	0.1	0.8251114804518561	-0.074989406104559	0.4238410596021895	1169	290	27	0.34727755422591	0.8612871426559638	0.3950617283950617	0.2962962962962963	0.5925925925925926	24.78	ok
genept_raw	GO:0050731	3072	0.1	0.9092942723277914	0.098532287142808	0.6046511627902	998	254	23	0.4357886417291456	0.8257105213626952	0.4897959183673469	0.4615384615384615	0.5217391304347826	15.69	ok
genept_raw	GO:0050796	3072	0.1	0.9100028295482352	0.0416650663031874	0.6105263157889748	1484	368	34	0.7290084918332663	0.947780908770694	0.6756756756756757	0.625	0.7352941176470589	36.07	ok
genept_raw	GO:0050890	3072	0.1	0.7975840836187326	-0.1519941562736173	0.4493758668511386	1725	559	65	0.3760897707489216	0.783743382123949	0.3894736842105263	0.296	0.5692307692307692	63.33	ok
genept_raw	GO:0051310	3072	0.1	0.9630122606524336	-0.0766198637421144	0.8521739130429827	687	171	15	0.962142857142857	0.996153846153846	0.8666666666666667	0.8666666666666667	0.8666666666666667	7.04	ok
genept_raw	GO:0051865	3072	1.0	0.9816081515197452	-0.4409415804994175	0.9122807017538862	597	146	12	1.0	1.0	0.8888888888888888	0.8	1.0	4.74	ok
genept_raw	GO:0060828	3072	1.0	0.9294289407682832	-0.2846586898151862	0.734793187347432	1653	536	49	0.6143447195244323	0.8701336797552697	0.66	0.6470588235294118	0.673469387755102	40.93	ok
genept_raw	GO:0061844	3072	0.1	0.9769097054555308	-0.2436010333684774	0.8539325842691635	1043	259	21	0.9105997188338016	0.9695878351340536	0.8695652173913043	0.8	0.9523809523809524	13.29	ok
genept_raw	GO:0070555	3072	1.0	0.9352114371345142	-0.4576787655967693	0.6702702702697794	858	216	20	0.6226747597339731	0.8964285714285715	0.5925925925925926	0.4705882352941176	0.8	10.61	ok
genept_raw	GO:0090303	3072	10.0	0.9798354955419364	-0.2769628375484324	0.8085106382973731	525	132	12	0.7321742686326019	0.9229166666666666	0.5882352941176471	1.0	0.4166666666666667	4.77	ok
genept_raw	GO:0097190	3072	1.0	0.9372409256332852	-0.1441494279881772	0.7852760736191321	1702	545	61	0.5757524124816422	0.9338673621460508	0.6666666666666666	0.6612903225806451	0.6721311475409836	45.59	ok
genept_raw	GO:0097191	3072	1.0	0.9557185575405917	-0.3208901416660105	0.8021978021973023	976	243	21	0.8513137230424404	0.9667524667524668	0.7906976744186046	0.7727272727272727	0.8095238095238095	12.36	ok
genept_raw	GO:1901224	3072	10.0	0.946362052204848	-0.4236699978100507	0.8260869565212411	523	129	12	0.7427207414952512	0.9529914529914528	0.631578947368421	0.8571428571428571	0.5	4.52	ok
genept_raw	GO:2000781	3072	0.1	0.9225018898563708	-0.0200723866569957	0.6851851851846867	626	156	14	0.9539416932274076	0.9954728370221329	0.9285714285714286	0.9285714285714286	0.9285714285714286	6.98	ok
genept_raw	GO:2001244	3072	1.0	0.8770871858091912	-0.4597556242459089	0.6185567010304279	517	132	12	0.7817981606344778	0.9444444444444444	0.6470588235294118	0.5	0.9166666666666666	5.06	ok
hin2vec	GO:0000086	128	0.1	0.6446391917203592	0.4024058132359337	0.2268041237108734	403	103	9	0.3724522528419979	0.6087470449172576	0.2608695652173913	0.2142857142857142	0.3333333333333333	0.51	ok
hin2vec	GO:0000381	128	1.0	0.4568726949022516	-1.2182641035183253	0.1728880157169311	480	120	11	0.1445205368059534	0.5863219349457881	0.1574803149606299	0.0862068965517241	0.9090909090909092	0.61	ok
hin2vec	GO:0000724	128	0.1	0.6394041072170865	0.203155655852875	0.2682215743436307	993	249	22	0.3173422303856609	0.657589106928314	0.2736842105263158	0.1780821917808219	0.5909090909090909	2.0	ok
hin2vec	GO:0001578	128	0.1	0.568708874538255	0.3570128517812362	0.1762452107275106	1025	251	23	0.0955588864911004	0.5070556826849733	0.0769230769230769	0.0689655172413793	0.0869565217391304	2.13	ok
hin2vec	GO:0001649	128	0.1	0.6636133896573985	0.3912811114507829	0.2775800711739008	1186	300	27	0.184235783454684	0.6971916971916972	0.3013698630136986	0.2391304347826087	0.4074074074074074	2.86	ok
hin2vec	GO:0001654	128	0.1	0.6472276186417317	0.4125310103793348	0.3638275499469814	1768	563	76	0.2278085607728956	0.6427645088079541	0.2846153846153846	0.2010869565217391	0.4868421052631579	6.76	ok
hin2vec	GO:0001666	128	0.1	0.706163601480991	0.4642213435128918	0.3539823008844772	1681	538	55	0.236118107411892	0.7306230001882176	0.3157894736842105	0.2327586206896551	0.4909090909090909	5.51	ok
hin2vec	GO:0001837	128	0.1	0.6251987644053848	0.1490171890982792	0.2110552763816396	706	178	16	0.1947380778927269	0.7052469135802468	0.2352941176470588	0.1395348837209302	0.75	1.15	ok
hin2vec	GO:0001938	128	0.1	0.676717607872297	0.1910892467480361	0.2365591397844717	771	192	16	0.0912611710800416	0.5088778409090909	0.1176470588235294	0.0769230769230769	0.25	1.28	ok
hin2vec	GO:0006325	128	0.1	0.5845127842371056	-0.2335219126277955	0.509012256668677	2196	669	182	0.4223936149949719	0.653541530338245	0.4388297872340425	0.2894736842105263	0.9065934065934066	10.79	ok
hin2vec	GO:0006400	128	0.1	0.6226539958886499	-0.3455880012118917	0.2202643171801836	769	192	17	0.1870311706769233	0.745546218487395	0.2653061224489796	0.1604938271604938	0.7647058823529411	1.28	ok
hin2vec	GO:0006402	128	100.0	0.5495614190246959	-0.9238082034017476	0.1786833855796927	1009	254	23	0.1010404357200943	0.5473367212497646	0.1916167664670658	0.1111111111111111	0.6956521739130435	2.09	ok
hin2vec	GO:0006487	128	10.0	0.639080140828261	-0.542896812751746	0.3025210084028614	638	156	14	0.1040010667543506	0.5271629778672032	0.064516129032258	0.0588235294117647	0.0714285714285714	0.93	ok
hin2vec	GO:0006493	128	0.1	0.5862226954990807	-0.4222083518347989	0.2089552238802397	852	211	19	0.0948647080371198	0.4756030701754385	0.131578947368421	0.075187969924812	0.5263157894736842	1.54	ok
hin2vec	GO:0006631	128	100.0	0.6766511377106635	-0.5913429780368784	0.3631578947364024	1707	551	62	0.244671445146249	0.6041295599973613	0.2524271844660194	0.1805555555555555	0.4193548387096774	6.07	ok
hin2vec	GO:0006693	128	0.1	0.508754653376502	-0.6947405154387983	0.1978798586570432	332	83	7	0.2089402574651022	0.7142857142857143	0.1590909090909091	0.0864197530864197	1.0	0.37	ok
hin2vec	GO:0006813	128	10.0	0.6240653130150248	-0.5643850831087105	0.2331288343553337	1580	390	36	0.2505586894404064	0.7080979284369116	0.275	0.25	0.3055555555555556	4.91	ok
hin2vec	GO:0006879	128	0.1	0.5676186227591048	-0.7033646812615097	0.1892393320962976	564	144	13	0.1304466124835565	0.6506165590135056	0.1710526315789473	0.0935251798561151	1.0	0.79	ok
hin2vec	GO:0006888	128	100.0	0.4335690510115946	-2.0067465287532262	0.1630434782607198	1016	251	22	0.1188361675254703	0.5206431123461691	0.1611721611721611	0.0876494023904382	1.0	2.01	ok
hin2vec	GO:0007189	128	0.1	0.6355319185207978	0.1797933920108266	0.2331691297205276	1376	346	32	0.314965762833418	0.6728702229299363	0.2176870748299319	0.1391304347826087	0.5	3.72	ok
hin2vec	GO:0007283	128	1.0	0.5724006559239729	-0.7997285892826476	0.3999999999996591	1912	603	117	0.2598389657490669	0.5606380359466779	0.3227848101265823	0.1980582524271844	0.8717948717948718	7.87	ok
hin2vec	GO:0007399	128	0.1	0.6120784644021845	-1.015653628240662	0.6225165562909607	2631	877	393	0.5488675225065072	0.5862195865665678	0.6142742582197274	0.4484777517564403	0.9745547073791349	15.71	ok
hin2vec	GO:0007601	128	0.1	0.547664807348328	0.2022349775414896	0.2168021680213241	1637	481	44	0.1016038622865636	0.5754108591637196	0.1794871794871795	0.1105263157894736	0.4772727272727273	5.52	ok
hin2vec	GO:0007605	128	0.1	0.5606999697782161	0.1261817713979993	0.1893491124257767	1415	351	30	0.2183947659725773	0.6868120456905504	0.2062780269058296	0.1191709844559585	0.7666666666666667	4.05	ok
hin2vec	GO:0008202	128	0.1	0.6645595295152352	0.275208246995634	0.2981029810294189	1666	543	48	0.1506586766279639	0.5924242424242423	0.1826923076923076	0.11875	0.3958333333333333	5.59	ok
hin2vec	GO:0008584	128	0.1	0.6082343546882555	0.304334357483063	0.2150537634404331	1245	307	29	0.2545846892516922	0.7178119573306871	0.3076923076923077	0.2258064516129032	0.4827586206896552	3.17	ok
hin2vec	GO:0010506	128	0.1	0.5168935369011135	-0.8064328112737088	0.2692905230448191	1710	549	66	0.1869224436453577	0.5927912667043101	0.2160392798690671	0.1211009174311926	1.0	6.26	ok
hin2vec	GO:0016236	128	0.1	0.5497526711877002	-0.2402151514437555	0.1991701244811234	1619	447	42	0.1478577348029164	0.5828924162257496	0.1746724890829694	0.0961538461538461	0.9523809523809524	5.26	ok
hin2vec	GO:0031297	128	0.1	0.6147775450062599	-0.6193794853059229	0.1892744479493206	407	101	9	0.1751060592794039	0.5144927536231884	0.1636363636363636	0.0891089108910891	1.0	0.49	ok
hin2vec	GO:0031398	128	0.1	0.5814414719817188	-0.4496550011942464	0.1893004115224277	934	235	21	0.2051175924576526	0.6259457053849578	0.1728395061728395	0.0945945945945946	1.0	1.83	ok
hin2vec	GO:0034341	128	0.1	0.6425680486843303	0.2912453574387709	0.2407407407402634	909	227	21	0.2194035445895117	0.650716597318539	0.2432432432432432	0.1698113207547169	0.4285714285714285	1.74	ok
hin2vec	GO:0035987	128	0.1	0.7354226878291049	0.0047766982801815	0.2654028436016127	396	98	9	0.2970808543459013	0.8039950062421972	0.225	0.1267605633802817	1.0	0.45	ok
hin2vec	GO:0042476	128	0.1	0.6671017848780773	0.3888583526290576	0.2830188679240358	1016	252	22	0.1904053595459564	0.6958498023715415	0.1509433962264151	0.1290322580645161	0.1818181818181818	2.14	ok
hin2vec	GO:0042593	128	0.1	0.6325528037816768	0.4567006526669956	0.2439024390239021	1613	423	38	0.1724948601653719	0.6291182501708817	0.2608695652173913	0.2222222222222222	0.3157894736842105	5.2	ok
hin2vec	GO:0042632	128	0.1	0.6358083633330827	0.3724838683629037	0.336633663365919	759	187	17	0.3225259655525392	0.6730103806228374	0.1052631578947368	0.5	0.0588235294117647	1.3	ok
hin2vec	GO:0043488	128	100.0	0.5148306066087208	-1.1629151352639964	0.1704260651627176	1388	343	32	0.1568857699212503	0.6146503215434084	0.2073578595317725	0.1161048689138576	0.96875	3.66	ok
hin2vec	GO:0045089	128	0.1	0.6355851709842194	0.3946748684618624	0.29444444444402	1684	537	56	0.1384995682242412	0.5595485595485595	0.202020202020202	0.1408450704225352	0.3571428571428571	5.87	ok
hin2vec	GO:0045787	128	0.1	0.546330508694032	0.1895145087472917	0.2718299164765244	1724	550	64	0.1980054582537472	0.6231995884773662	0.2439024390243902	0.1475409836065573	0.703125	6.32	ok
hin2vec	GO:0045814	128	0.1	0.6148806095582877	0.3686510055507364	0.2470119521907354	1360	339	30	0.2044982699085376	0.5512405609492989	0.2	0.2	0.2	3.61	ok
hin2vec	GO:0046034	128	0.1	0.5593741325156896	0.2597185228836159	0.1878172588829103	949	233	20	0.1468318162273246	0.6190140845070422	0.0	0.0	0.0	1.88	ok
hin2vec	GO:0050679	128	0.1	0.6409996521501115	0.4986605738173987	0.2352941176465615	1622	430	38	0.176491106950018	0.6629296455424275	0.175	0.1666666666666666	0.1842105263157894	5.16	ok
hin2vec	GO:0050680	128	0.1	0.606161012030054	0.4007176306864141	0.2331838565017426	1169	290	27	0.2265642883979413	0.6807491902548937	0.2372881355932203	0.21875	0.2592592592592592	2.76	ok
hin2vec	GO:0050731	128	0.1	0.6755183118694639	0.3222517728709718	0.2848484848480827	998	254	23	0.2428124027430462	0.7244494635798984	0.3095238095238095	0.2131147540983606	0.5652173913043478	2.01	ok
hin2vec	GO:0050796	128	0.1	0.6183934595013968	0.3441975825523595	0.216450216449801	1484	368	34	0.1769691521999255	0.6093694963015146	0.2764227642276423	0.1910112359550561	0.5	4.24	ok
hin2vec	GO:0050890	128	0.1	0.594574025295644	0.3381022705578189	0.291347207009456	1725	559	65	0.1778259017821655	0.5978199937714108	0.2745098039215686	0.1842105263157894	0.5384615384615384	6.02	ok
hin2vec	GO:0051310	128	10.0	0.501863785811851	-1.1268133751602467	0.1763826606874228	687	171	15	0.1821826796186093	0.5623931623931624	0.1437125748502994	0.0789473684210526	0.8	1.06	ok
hin2vec	GO:0051865	128	100.0	0.456181029304526	-2.0854941532085483	0.1717791411041374	597	146	12	0.0841067805266717	0.427860696517413	0.1518987341772152	0.0821917808219178	1.0	0.78	ok
hin2vec	GO:0060828	128	0.1	0.628376255580326	0.4703233573448662	0.2681159420285234	1653	536	49	0.1502622419510295	0.6106943804215732	0.1627906976744186	0.1138211382113821	0.2857142857142857	5.42	ok
hin2vec	GO:0061844	128	10.0	0.5100574868969319	-1.359455808806906	0.164485981308254	1043	259	21	0.1541467079790773	0.5882352941176471	0.1590909090909091	0.0864197530864197	1.0	2.13	ok
hin2vec	GO:0070555	128	0.1	0.6995399597963701	0.38818628069013	0.2692307692302959	858	216	20	0.2125975453410597	0.7318877551020408	0.2916666666666667	0.25	0.35	1.53	ok
hin2vec	GO:0090303	128	0.1	0.7610974540410608	0.3552781808470431	0.3255813953483661	525	132	12	0.2253366346911164	0.7326388888888888	0.2978723404255319	0.2	0.5833333333333334	0.67	ok
hin2vec	GO:0097190	128	0.1	0.6640694544513422	0.5048129916885837	0.3383458646611562	1702	545	61	0.2167642153132919	0.6230185611705731	0.272108843537415	0.2325581395348837	0.3278688524590163	5.85	ok
hin2vec	GO:0097191	128	0.1	0.6706727490202066	0.3623525829914945	0.2779922779918246	976	243	21	0.3159781654587489	0.6902616902616903	0.2777777777777778	0.196078431372549	0.4761904761904761	1.93	ok
hin2vec	GO:1901224	128	0.1	0.615249835328484	-0.0182983517384717	0.1945525291825707	523	129	12	0.1911507133010435	0.7272079772079771	0.2291666666666666	0.1309523809523809	0.9166666666666666	0.7	ok
hin2vec	GO:2000781	128	0.1	0.5402800720478577	0.2701030723576868	0.185792349726513	626	156	14	0.2289139727220759	0.6956740442655936	0.3529411764705882	0.3	0.4285714285714285	0.9	ok
hin2vec	GO:2001244	128	0.1	0.6630470515718102	0.0570194629819866	0.2020202020198347	517	132	12	0.3262025905085077	0.7006944444444445	0.1956521739130435	0.1125	0.75	0.67	ok
node2vec	GO:0000086	128	1.0	0.8062799485230512	-0.3478713643013141	0.4727272727268204	403	103	9	0.3884074564259854	0.8297872340425532	0.5	0.5714285714285714	0.4444444444444444	0.46	ok
node2vec	GO:0000381	128	1.0	0.8730739794779203	-0.2324906994540587	0.6133333333328533	480	120	11	0.7558859269385585	0.9357798165137616	0.7	0.7777777777777778	0.6363636363636364	0.51	ok
node2vec	GO:0000724	128	1.0	0.9052771893232384	-0.2706766183172541	0.7515151515146581	993	249	22	0.8138145788628722	0.8862635162194633	0.7894736842105263	0.9375	0.6818181818181818	1.29	ok
node2vec	GO:0001578	128	0.1	0.8246617216560104	0.1745292333044545	0.4905660377353635	1025	251	23	0.6512589673455303	0.906559877955759	0.64	0.5925925925925926	0.6956521739130435	1.93	ok
node2vec	GO:0001649	128	1.0	0.8620625418242508	-0.1487477978565479	0.6051282051277134	1186	300	27	0.5164502347592033	0.8074888074888075	0.4166666666666667	0.4761904761904761	0.3703703703703703	2.24	ok
node2vec	GO:0001654	128	1.0	0.8412059654167653	-0.0947404909833173	0.6029173419768097	1768	563	76	0.7082750010406272	0.88355128066573	0.6436781609195402	0.5714285714285714	0.7368421052631579	5.77	ok
node2vec	GO:0001666	128	1.0	0.8694182049698836	-0.2088900605359175	0.599999999999501	1681	538	55	0.5757246091757102	0.8438923395445135	0.5196850393700787	0.4583333333333333	0.6	4.56	ok
node2vec	GO:0001837	128	1.0	0.8166017529842433	-0.0677289018781369	0.4999999999996032	706	178	16	0.5943148343241034	0.8973765432098766	0.4545454545454545	0.8333333333333334	0.3125	0.94	ok
node2vec	GO:0001938	128	1.0	0.8256835622532819	-0.2707695316909723	0.4999999999995002	771	192	16	0.4071116493309072	0.7741477272727273	0.4137931034482758	0.4615384615384615	0.375	1.05	ok
node2vec	GO:0006325	128	0.1	0.8428349275251473	-0.3172142674508154	0.69035532994874	2196	669	182	0.7487084962273698	0.8355597174899023	0.6603325415676959	0.5815899581589958	0.7637362637362637	9.91	ok
node2vec	GO:0006400	128	1.0	0.86236144826395	-0.431084100719956	0.4331797235018607	769	192	17	0.50501967622041	0.8820168067226891	0.4230769230769231	0.3142857142857143	0.6470588235294118	1.03	ok
node2vec	GO:0006402	128	1.0	0.9050565267527474	-0.0276938140005422	0.6486486486481751	1009	254	23	0.6769381334036978	0.906644080557124	0.6842105263157895	0.8666666666666667	0.5652173913043478	1.41	ok
node2vec	GO:0006487	128	0.1	0.9593805756951902	-0.1066172398611066	0.8547008547003551	638	156	14	0.8379028379028378	0.9632796780684104	0.7692307692307693	0.8333333333333334	0.7142857142857143	0.76	ok
node2vec	GO:0006493	128	0.1	0.8731738155123671	-0.1133769444245373	0.5694444444439479	852	211	19	0.8500696025851097	0.9509320175438596	0.8205128205128205	0.8	0.8421052631578947	1.39	ok
node2vec	GO:0006631	128	1.0	0.9251175559776006	-0.1500143438688813	0.7389558232926727	1707	551	62	0.8252354226663913	0.9340985553136752	0.7419354838709677	0.7419354838709677	0.7419354838709677	4.52	ok
node2vec	GO:0006693	128	0.1	0.8892811670122596	-0.2515350217302042	0.4871794871790032	332	83	7	0.6905178155178155	0.924812030075188	0.4347826086956521	0.3125	0.7142857142857143	0.37	ok
node2vec	GO:0006813	128	1.0	0.9256502331954896	-0.2214749543045071	0.7364341085266405	1580	390	36	0.7377816109137229	0.911487758945386	0.6567164179104478	0.7096774193548387	0.6111111111111112	3.11	ok
node2vec	GO:0006879	128	1.0	0.8284319721497454	-0.3710636436771335	0.5242718446596945	564	144	13	0.6202165814043274	0.8355842630651791	0.5333333333333333	0.4705882352941176	0.6153846153846154	0.74	ok
node2vec	GO:0006888	128	0.1	0.8992092752730115	-0.0504700738654801	0.6933333333328533	1016	251	22	0.722170364458655	0.8870583564906709	0.6857142857142857	0.9230769230769232	0.5454545454545454	1.6	ok
node2vec	GO:0007189	128	1.0	0.911729587193246	-0.1108737585768845	0.7962962962958086	1376	346	32	0.8954731747500689	0.9712380573248408	0.8571428571428571	1.0	0.75	2.3	ok
node2vec	GO:0007283	128	1.0	0.7243212420334054	0.0240534594681093	0.5035799522668084	1912	603	117	0.4839608873114704	0.7431324962189159	0.4444444444444444	0.4848484848484848	0.4102564102564102	7.69	ok
node2vec	GO:0007399	128	1.0	0.7812851968529642	-0.3860547620783621	0.6966131907303501	2631	877	393	0.7635595073906294	0.7871427670178538	0.7047200878155873	0.6196911196911197	0.816793893129771	15.1	ok
node2vec	GO:0007601	128	0.1	0.8852338535434932	-0.1059091962513454	0.677419354838215	1637	481	44	0.6820110186764794	0.8927605575202828	0.6352941176470588	0.6585365853658537	0.6136363636363636	3.96	ok
node2vec	GO:0007605	128	0.1	0.7914074491148743	-0.165279467607124	0.4821428571423686	1415	351	30	0.6470812026945368	0.8908618899273104	0.5588235294117647	0.5	0.6333333333333333	3.49	ok
node2vec	GO:0008202	128	1.0	0.9123456368342854	-0.1587461027013924	0.7122507122502197	1666	543	48	0.7223734074688305	0.9023569023569022	0.6444444444444445	0.6904761904761905	0.6041666666666666	3.8	ok
node2vec	GO:0008584	128	1.0	0.7396466979800312	-0.1762246843759498	0.4130434782604008	1245	307	29	0.376269205794826	0.7006946167204168	0.4081632653061224	0.5	0.3448275862068966	2.67	ok
node2vec	GO:0010506	128	0.1	0.7645437788828118	0.110945606603702	0.4880174291934104	1710	549	66	0.5280056872755717	0.826463391680783	0.5042016806722689	0.5660377358490566	0.4545454545454545	5.8	ok
node2vec	GO:0016236	128	10.0	0.845860939383205	-0.2129702516114799	0.62142857142809	1619	447	42	0.6427005694884891	0.8861845972957084	0.5882352941176471	0.7692307692307693	0.4761904761904761	4.22	ok
node2vec	GO:0031297	128	0.1	0.9496159834935616	-0.190641135739941	0.7241379310340208	407	101	9	0.965811965811966	0.9951690821256038	0.7142857142857143	1.0	0.5555555555555556	0.44	ok
node2vec	GO:0031398	128	0.1	0.8232057499260536	-0.1220671236191811	0.490322580644666	934	235	21	0.4906165001690907	0.8228749443702714	0.4444444444444444	0.5333333333333333	0.3809523809523809	1.66	ok
node2vec	GO:0034341	128	1.0	0.9246395124455766	-0.2353235538700959	0.6799999999995088	909	227	21	0.715223124771967	0.8918169209431345	0.6341463414634146	0.65	0.6190476190476191	1.36	ok
node2vec	GO:0035987	128	0.1	0.8995618315137032	-0.0807650042296264	0.6769230769225827	396	98	9	0.8343915343915345	0.9800249687890136	0.7368421052631579	0.7	0.7777777777777778	0.42	ok
node2vec	GO:0042476	128	1.0	0.8579618034772731	-0.2386667911487956	0.5595238095233153	1016	252	22	0.6765480207144626	0.9073122529644267	0.6341463414634146	0.6842105263157895	0.5909090909090909	1.56	ok
node2vec	GO:0042593	128	1.0	0.757806677085286	-0.2223459087662279	0.3623188405792187	1613	423	38	0.3456443897254789	0.7444976076555024	0.3684210526315789	0.3684210526315789	0.3684210526315789	4.36	ok
node2vec	GO:0042632	128	0.1	0.8137299574770137	-0.228909181931846	0.5555555555550635	759	187	17	0.6373942539996083	0.8259515570934256	0.5714285714285714	0.7272727272727273	0.4705882352941176	1.1	ok
node2vec	GO:0043488	128	0.1	0.8120535253511595	0.0614816296978836	0.4811320754712176	1388	343	32	0.6471110485545993	0.8668609324758842	0.5671641791044776	0.5428571428571428	0.59375	3.29	ok
node2vec	GO:0045089	128	1.0	0.8616964956221542	-0.0716045728808496	0.6753246753241854	1684	537	56	0.6512388571468168	0.8857662607662607	0.6285714285714286	0.673469387755102	0.5892857142857143	4.53	ok
node2vec	GO:0045787	128	0.1	0.7601795621961672	-0.0830888756009626	0.4600760456268765	1724	550	64	0.4050357155857222	0.7522505144032922	0.3561643835616438	0.3170731707317073	0.40625	5.78	ok
node2vec	GO:0045814	128	0.1	0.9049272805496504	-0.0372076596502813	0.6893203883490315	1360	339	30	0.7925938188744266	0.9550161812297736	0.6785714285714286	0.7307692307692307	0.6333333333333333	2.59	ok
node2vec	GO:0046034	128	0.1	0.8903053322173182	-0.2445776550531201	0.5792349726770981	949	233	20	0.708040379535507	0.9103286384976524	0.5925925925925926	0.4705882352941176	0.8	1.6	ok
node2vec	GO:0050679	128	1.0	0.7969975215657118	-0.2287272436570208	0.4210526315784512	1622	430	38	0.4765835792100645	0.8009532760472611	0.4736842105263157	0.4736842105263157	0.4736842105263157	4.13	ok
node2vec	GO:0050680	128	0.1	0.7397037407879296	0.0419277016097516	0.336769759449705	1169	290	27	0.2956380253191852	0.7052527812984086	0.34375	0.2972972972972973	0.4074074074074074	2.63	ok
node2vec	GO:0050731	128	0.1	0.8532582055924726	0.0004567233059313	0.5312499999995008	998	254	23	0.5746232073006278	0.9363824581215886	0.6382978723404256	0.625	0.6521739130434783	1.84	ok
node2vec	GO:0050796	128	1.0	0.8233897309026067	-0.2736027244748545	0.5166666666661754	1484	368	34	0.508507370688983	0.7826699542092286	0.4761904761904761	0.5172413793103449	0.4411764705882353	3.57	ok
node2vec	GO:0050890	128	1.0	0.718011184656255	-0.2839817403094418	0.3969465648850214	1725	559	65	0.3512434844976878	0.6749299283712239	0.2758620689655172	0.2028985507246377	0.4307692307692308	5.92	ok
node2vec	GO:0051310	128	0.1	0.8748992891976123	-0.1551274326869762	0.699029126213117	687	171	15	0.8475563339946901	0.9594017094017094	0.7586206896551724	0.7857142857142857	0.7333333333333333	0.97	ok
node2vec	GO:0051865	128	0.1	0.8396158279907878	0.0042680990089323	0.4444444444439451	597	146	12	0.5641997135840746	0.8009950248756218	0.3720930232558139	0.2580645161290322	0.6666666666666666	0.79	ok
node2vec	GO:0060828	128	0.1	0.7668197626972703	-0.0122842048713679	0.4821917808214224	1653	536	49	0.5380855980541448	0.8074843900599254	0.5490196078431373	0.5283018867924528	0.5714285714285714	5.26	ok
node2vec	GO:0061844	128	1.0	0.9541111469716	-0.1903374886320405	0.7848101265817921	1043	259	21	0.88135477726035	0.957783113245298	0.8717948717948718	0.9444444444444444	0.8095238095238095	1.56	ok
node2vec	GO:0070555	128	1.0	0.8111453239658367	-0.3168275031202962	0.5606060606055832	858	216	20	0.7597144943120174	0.9198979591836736	0.6363636363636364	0.5833333333333334	0.7	1.31	ok
node2vec	GO:0090303	128	1.0	0.9119265525851632	-0.3259018900276804	0.6818181818176882	525	132	12	0.3130516203167497	0.6722222222222223	0.2666666666666666	0.6666666666666666	0.1666666666666666	0.62	ok
node2vec	GO:0097190	128	1.0	0.8790475788241287	-0.2441304816244764	0.6212121212116227	1702	545	61	0.6505139219734607	0.8850765478932393	0.583941605839416	0.5263157894736842	0.6557377049180327	4.92	ok
node2vec	GO:0097191	128	1.0	0.8836900035628851	-0.2462775799168395	0.6666666666661784	976	243	21	0.7883945270713832	0.9628914628914628	0.6829268292682927	0.7	0.6666666666666666	1.42	ok
node2vec	GO:1901224	128	0.1	0.7993475587248856	-0.0593580980005897	0.5405405405400932	523	129	12	0.7413104256854258	0.920940170940171	0.631578947368421	0.8571428571428571	0.5	0.65	ok
node2vec	GO:2000781	128	0.1	0.8486994988380884	-0.1148861820652705	0.5517241379305347	626	156	14	0.6773569982799483	0.8868209255533199	0.6206896551724138	0.6	0.6428571428571429	0.81	ok
node2vec	GO:2001244	128	1.0	0.8525880076707074	-0.2186637164606184	0.5789473684205872	517	132	12	0.7449915960945374	0.9319444444444444	0.7	0.875	0.5833333333333334	0.61	ok
spectral	GO:0000086	128	1.0	0.5666613696401782	-0.9389683249936293	0.198142414860483	403	103	9	0.2198399201177451	0.6264775413711584	0.1904761904761904	0.1066666666666666	0.8888888888888888	0.28	ok
spectral	GO:0000381	128	1.0	0.6347565370225469	0.1973614323607966	0.2659574468081465	480	120	11	0.3254821560016365	0.8065054211843202	0.2903225806451613	0.1764705882352941	0.8181818181818182	0.36	ok
spectral	GO:0000724	128	0.1	0.6886552091196086	0.3598667202706852	0.325301204818783	993	249	22	0.3814155276154545	0.6920304365238286	0.3111111111111111	0.3043478260869565	0.3181818181818182	1.15	ok
spectral	GO:0001578	128	1000.0	0.6861940052175518	0.1158843101074289	0.2551724137926677	1025	251	23	0.2173159210329099	0.7021357742181541	0.2285714285714285	0.1702127659574468	0.3478260869565217	1.37	ok
spectral	GO:0001649	128	0.1	0.7576590344514876	0.037653925509045	0.3675675675671498	1186	300	27	0.2530608944171637	0.7019400352733687	0.2947368421052631	0.2058823529411764	0.5185185185185185	1.55	ok
spectral	GO:0001654	128	10.0	0.6934213613365698	-0.0241697291593356	0.4014962593511444	1768	563	76	0.3406494708476259	0.687101480600886	0.3710407239819004	0.2827586206896552	0.5394736842105263	4.05	ok
spectral	GO:0001666	128	1.0	0.8610759353147536	0.3765976030972548	0.6060606060601065	1681	538	55	0.5621292256312816	0.8555994729907772	0.532258064516129	0.4782608695652174	0.6	2.56	ok
spectral	GO:0001837	128	0.1	0.7165502722462015	0.0334897629641072	0.304568527918343	706	178	16	0.3929427936295322	0.7249228395061729	0.3157894736842105	0.2195121951219512	0.5625	0.65	ok
spectral	GO:0001938	128	0.1	0.7769925947843491	0.3853141513190229	0.4258064516124057	771	192	16	0.1589938813127385	0.6534090909090908	0.2857142857142857	0.2631578947368421	0.3125	0.67	ok
spectral	GO:0006325	128	10.0	0.6761994346316778	-0.5023637250408525	0.545700135073845	2196	669	182	0.5857579356218372	0.7296635602590429	0.4805194805194805	0.3410138248847926	0.8131868131868132	7.09	ok
spectral	GO:0006400	128	0.1	0.7428873247975168	0.8141859838470172	0.3231441048030624	769	192	17	0.3338790738274498	0.8332773109243697	0.4081632653061224	0.3125	0.5882352941176471	0.72	ok
spectral	GO:0006402	128	1.0	0.7178339386871406	0.6863072980472822	0.3362068965512473	1009	254	23	0.3726147972028604	0.7468473555430076	0.425531914893617	0.4166666666666667	0.4347826086956521	1.25	ok
spectral	GO:0006487	128	10.0	0.6875616683076741	-0.0535502750688454	0.2598187311175279	638	156	14	0.2105689222600469	0.7791750503018109	0.2933333333333333	0.180327868852459	0.7857142857142857	0.54	ok
spectral	GO:0006493	128	1.0	0.6913643386306494	0.4059825326569934	0.2608695652170413	852	211	19	0.2065250029632076	0.6896929824561403	0.202020202020202	0.125	0.5263157894736842	0.9	ok
spectral	GO:0006631	128	1.0	0.7039021131883333	-0.6278610218213447	0.3812949640283591	1707	551	62	0.2487094448028789	0.6778151593113002	0.2834008097165992	0.1891891891891892	0.5645161290322581	3.53	ok
spectral	GO:0006693	128	1.0	0.7908077776565171	-0.0665522762802168	0.5063291139235686	332	83	7	0.3287124447838733	0.8515037593984962	0.1818181818181818	0.25	0.1428571428571428	0.2	ok
spectral	GO:0006813	128	10.0	0.7115348727157729	0.7694403452085248	0.3432835820890563	1580	390	36	0.4434939574170595	0.7891556811048336	0.3809523809523809	0.4444444444444444	0.3333333333333333	2.64	ok
spectral	GO:0006879	128	100.0	0.4951210488935418	-4.248529583635453	0.1805309734511574	564	144	13	0.1544201510107734	0.4233705226071638	0.1159420289855072	0.064	0.6153846153846154	0.46	ok
spectral	GO:0006888	128	1.0	0.6929309293925807	0.7925522457483205	0.29343629343584	1016	251	22	0.2706209539649925	0.7322350138944026	0.3235294117647059	0.2391304347826087	0.5	1.19	ok
spectral	GO:0007189	128	1.0	0.8079439160382041	-0.205552990732503	0.4153846153841798	1376	346	32	0.4217094251965907	0.8439490445859872	0.4893617021276595	0.3709677419354839	0.71875	1.79	ok
spectral	GO:0007283	128	1.0	0.6272472405524954	-0.7139167779430117	0.4214285714281292	1912	603	117	0.3395190118752637	0.6088952200063311	0.3485254691689008	0.25390625	0.5555555555555556	5.25	ok
spectral	GO:0007399	128	10.0	0.6455602368613146	-0.9365521159062816	0.6289794703952598	2631	877	393	0.5838571772335653	0.6410163396631128	0.6288751107174491	0.4823369565217391	0.9033078880407124	11.03	ok
spectral	GO:0007601	128	1.0	0.7088684045712011	-0.1033661618851664	0.303939962476112	1637	481	44	0.2087968577554276	0.671130642812565	0.2465753424657534	0.1764705882352941	0.4090909090909091	3.07	ok
spectral	GO:0007605	128	100.0	0.6236210585920988	0.6182724644757958	0.3046874999995	1415	351	30	0.1696724148186635	0.6101765316718588	0.2285714285714285	0.2	0.2666666666666666	2.33	ok
spectral	GO:0008202	128	1.0	0.7964820047860793	-0.1336139129690117	0.4505928853750185	1666	543	48	0.259596991843849	0.7489478114478115	0.3439490445859872	0.2477064220183486	0.5625	2.95	ok
spectral	GO:0008584	128	1.0	0.695623883567146	-0.18395917804037	0.2841823056296003	1245	307	29	0.337093145597125	0.7577524187546514	0.303030303030303	0.2142857142857142	0.5172413793103449	1.75	ok
spectral	GO:0010506	128	1.0	0.6012464042610244	-0.7197806139104803	0.3046931407939162	1710	549	66	0.2523953509740088	0.6873392308174917	0.2478260869565217	0.1446700507614213	0.8636363636363636	4.05	ok
spectral	GO:0016236	128	1.0	0.6449878796526063	0.7944757039814636	0.2450765864327966	1619	447	42	0.1695783299847822	0.6506760728982951	0.2479338842975206	0.189873417721519	0.3571428571428571	3.02	ok
spectral	GO:0031297	128	0.1	0.6831962693279457	0.6061072801658758	0.2954545454540581	407	101	9	0.0869876821494621	0.4698067632850241	0.0	0.0	0.0	0.28	ok
spectral	GO:0031398	128	0.1	0.6551236335131175	0.1944366838498019	0.25787965616009	934	235	21	0.145731732659011	0.6241655540720961	0.2162162162162162	0.1509433962264151	0.3809523809523809	1.11	ok
spectral	GO:0034341	128	1.0	0.7928193669319631	0.2691135880235984	0.4183673469382843	909	227	21	0.3772337815918547	0.7600554785020806	0.3529411764705882	0.3	0.4285714285714285	0.8	ok
spectral	GO:0035987	128	0.1	0.8277248227114539	0.1384253649413752	0.3582089552234876	396	98	9	0.6660345981441058	0.9113607990012484	0.358974358974359	0.2333333333333333	0.7777777777777778	0.26	ok
spectral	GO:0042476	128	0.1	0.675535864249551	0.4828516485610706	0.2510460251041271	1016	252	22	0.2526239680543349	0.6454545454545455	0.2409638554216867	0.1639344262295081	0.4545454545454545	1.19	ok
spectral	GO:0042593	128	0.1	0.7005291363226673	0.3772319605361354	0.3304347826082002	1613	423	38	0.2889554862211275	0.6796992481203008	0.3058823529411765	0.2765957446808511	0.3421052631578947	3.0	ok
spectral	GO:0042632	128	1.0	0.7417651609298596	-0.0848759862580361	0.3374999999995063	759	187	17	0.2969010437460866	0.7498269896193772	0.3720930232558139	0.3076923076923077	0.4705882352941176	0.67	ok
spectral	GO:0043488	128	10.0	0.6072223550522655	0.3827312557643938	0.218978102189354	1388	343	32	0.2609302006163251	0.6653938906752411	0.2022471910112359	0.1578947368421052	0.28125	2.26	ok
spectral	GO:0045089	128	1.0	0.7590529020596201	-0.0173530833931118	0.4497991967866553	1684	537	56	0.4357188571850047	0.7631422631422631	0.3851851851851852	0.3291139240506329	0.4642857142857143	3.18	ok
spectral	GO:0045787	128	0.1	0.6564482405965105	-0.014597011632604	0.3519553072621073	1724	550	64	0.2335294962758303	0.6317515432098766	0.2910798122065727	0.2080536912751678	0.484375	3.84	ok
spectral	GO:0045814	128	1.0	0.6797466666442782	0.1687107142937471	0.2617801047116072	1360	339	30	0.2702568640589338	0.6470334412081985	0.2666666666666666	0.2222222222222222	0.3333333333333333	2.22	ok
spectral	GO:0046034	128	0.1	0.5718249235394124	0.5289657769144573	0.1894353369760589	949	233	20	0.2132194068398757	0.6440140845070422	0.2063492063492063	0.1226415094339622	0.65	1.14	ok
spectral	GO:0050679	128	0.1	0.6999063787956329	0.4504304804985749	0.3047091412737482	1622	430	38	0.2443201211778086	0.7249597207303974	0.2926829268292683	0.2727272727272727	0.3157894736842105	3.2	ok
spectral	GO:0050680	128	0.1	0.6623150812222388	-0.4167622759021211	0.2540415704384247	1169	290	27	0.24457010113211	0.6448387551049147	0.2391304347826087	0.1692307692307692	0.4074074074074074	1.66	ok
spectral	GO:0050731	128	1.0	0.7720081364307029	0.2156226911102636	0.3793103448270878	998	254	23	0.235498604281276	0.7227555053642011	0.4166666666666667	0.4	0.4347826086956521	1.03	ok
spectral	GO:0050796	128	1.0	0.7118370083896494	-0.0043877517767131	0.3381088825210143	1484	368	34	0.2276183178718695	0.7005547728073266	0.3076923076923077	0.2727272727272727	0.3529411764705882	2.26	ok
spectral	GO:0050890	128	1.0	0.6248815211729141	-0.5686089421579352	0.3142857142852924	1725	559	65	0.223659189034688	0.6154001868576768	0.2540983606557377	0.1731843575418994	0.4769230769230769	4.19	ok
spectral	GO:0051310	128	0.1	0.6929002294578083	0.8124030537379526	0.2874999999995226	687	171	15	0.2935931188905449	0.7418803418803419	0.2857142857142857	0.2058823529411764	0.4666666666666667	0.59	ok
spectral	GO:0051865	128	0.1	0.6199918661897817	0.9587198798700752	0.2434782608690655	597	146	12	0.108615427209003	0.4912935323383084	0.1	0.125	0.0833333333333333	0.53	ok
spectral	GO:0060828	128	0.1	0.6931999103802132	0.232197762709001	0.3044315992288134	1653	536	49	0.2806157831117084	0.6674768470016343	0.32	0.2376237623762376	0.4897959183673469	3.31	ok
spectral	GO:0061844	128	1.0	0.7914105333685394	-0.1315072840132796	0.4096385542164015	1043	259	21	0.3738633917751409	0.8139255702280912	0.3636363636363636	0.2941176470588235	0.4761904761904761	1.01	ok
spectral	GO:0070555	128	1.0	0.822928775492878	-0.1088523305127822	0.4734299516903471	858	216	20	0.5464986034749763	0.9066326530612244	0.5185185185185185	0.4117647058823529	0.7	0.73	ok
spectral	GO:0090303	128	1.0	0.8896667364067774	-0.0749400037196004	0.6016260162596831	525	132	12	0.2734010635595406	0.7541666666666667	0.2105263157894736	0.2857142857142857	0.1666666666666666	0.31	ok
spectral	GO:0097190	128	1.0	0.8114556442228845	0.2200112725017264	0.5472837022127796	1702	545	61	0.4740181310864571	0.8208406719956646	0.4923076923076923	0.463768115942029	0.5245901639344263	3.01	ok
spectral	GO:0097191	128	0.1	0.8580950017814425	0.3460622330081427	0.5425531914888625	976	243	21	0.5561395761883228	0.8785928785928785	0.5714285714285714	0.5714285714285714	0.5714285714285714	0.83	ok
spectral	GO:1901224	128	0.1	0.7421377902832669	0.3242724569836972	0.4090909090904155	523	129	12	0.3768418266908636	0.7806267806267806	0.4242424242424242	0.3333333333333333	0.5833333333333334	0.41	ok
spectral	GO:2000781	128	0.1	0.6923663801551082	0.3785060612814881	0.2797202797198003	626	156	14	0.1454621798537727	0.5970824949698189	0.2580645161290322	0.2352941176470588	0.2857142857142857	0.51	ok
spectral	GO:2001244	128	0.1	0.7682247791247175	0.6848772011307298	0.5227272727267768	517	132	12	0.710073894694754	0.89375	0.7	0.875	0.5833333333333334	0.35	ok
uniprot_raw	GO:0000086	1024	1.0	0.8089183906856837	-0.3122728620494528	0.4090909090904256	403	103	9	0.6494414017680041	0.8522458628841607	0.4137931034482758	0.3	0.6666666666666666	3.1	ok
uniprot_raw	GO:0000381	1024	0.1	0.970887328325752	0.0912049679834534	0.8192771084332384	480	120	11	0.7596355541477493	0.962468723936614	0.7619047619047619	0.8	0.7272727272727273	3.42	ok
uniprot_raw	GO:0000724	1024	1.0	0.9330863172708612	-0.0820346956274962	0.6514285714280726	993	249	22	0.7454719644303264	0.9361233480176212	0.5945945945945946	0.7333333333333333	0.5	10.69	ok
uniprot_raw	GO:0001578	1024	1.0	0.9353626138022212	0.0721167113116052	0.6282051282046467	1025	251	23	0.7328475144954628	0.9338291380625476	0.5714285714285714	0.8333333333333334	0.4347826086956521	11.68	ok
uniprot_raw	GO:0001649	1024	1.0	0.8279829018049659	0.2544897305277105	0.4888888888884136	1186	300	27	0.3811446656335325	0.8013838013838014	0.3684210526315789	0.6363636363636364	0.2592592592592592	17.4	ok
uniprot_raw	GO:0001654	1024	1.0	0.8264307966999035	0.0884243596020785	0.5878489326760192	1768	563	76	0.661545361519876	0.8637739111639469	0.5769230769230769	0.5625	0.5921052631578947	144.03	ok
uniprot_raw	GO:0001666	1024	1.0	0.7885087374819344	-0.3307909273520088	0.4492979719184221	1681	538	55	0.4080715814831732	0.7748164878599662	0.3232323232323232	0.2237762237762237	0.5818181818181818	79.57	ok
uniprot_raw	GO:0001837	1024	0.1	0.8354457345786014	0.106585423174934	0.4918032786880258	706	178	16	0.6146389986714147	0.9097222222222224	0.5185185185185185	0.6363636363636364	0.4375	14.18	ok
uniprot_raw	GO:0001938	1024	0.1	0.76932981866093	-0.00527683014974	0.369565217390828	771	192	16	0.37925803668247	0.8313210227272728	0.4390243902439024	0.36	0.5625	18.37	ok
uniprot_raw	GO:0006325	1024	1.0	0.9193504600280376	0.0381060276869092	0.7832797427647741	2196	669	182	0.7847590282229755	0.9164316176636504	0.7633587786259542	0.7109004739336493	0.8241758241758241	316.5	ok
uniprot_raw	GO:0006400	1024	10.0	0.9778749564998388	-0.2058854275608822	0.7941176470583252	769	192	17	0.8463279655753704	0.9757983193277312	0.7428571428571429	0.7222222222222222	0.7647058823529411	13.29	ok
uniprot_raw	GO:0006402	1024	10.0	0.9444319916963064	-0.2854047241554626	0.6705882352936201	1009	254	23	0.7459489669845393	0.9200075287031808	0.6415094339622641	0.5666666666666667	0.7391304347826086	22.72	ok
uniprot_raw	GO:0006487	1024	1.0	0.9575978450590762	-0.1051783998409765	0.7964601769906523	638	156	14	0.9952380952380953	0.999496981891348	0.9285714285714286	0.9285714285714286	0.9285714285714286	13.83	ok
uniprot_raw	GO:0006493	1024	1.0	0.964560854309595	0.0715687522445607	0.8918918918913933	852	211	19	0.9999999999999998	1.0	1.0	1.0	1.0	17.78	ok
uniprot_raw	GO:0006631	1024	1.0	0.940797738002756	0.2507641773701118	0.8026315789468722	1707	551	62	0.8748482789840406	0.952008707698397	0.782608695652174	0.8490566037735849	0.7258064516129032	75.79	ok
uniprot_raw	GO:0006693	1024	0.1	0.8947477172687256	-0.2224771917613238	0.7666666666661689	332	83	7	0.6383093097378811	0.9041353383458648	0.5	0.4444444444444444	0.5714285714285714	5.08	ok
uniprot_raw	GO:0006813	1024	1.0	0.963068585672962	-0.0398544908149752	0.8945454545449565	1580	390	36	0.9796356421356422	0.996390458254865	0.9253731343283582	1.0	0.8611111111111112	75.96	ok
uniprot_raw	GO:0006879	1024	10.0	0.7812255419116411	-0.5922736730706689	0.4328358208950442	564	144	13	0.4988775176557981	0.8220786846741045	0.4242424242424242	0.35	0.5384615384615384	9.95	ok
uniprot_raw	GO:0006888	1024	1.0	0.9614376202004024	0.148310044312333	0.771241830064875	1016	251	22	0.7660739349478876	0.924176260420802	0.6666666666666666	0.8571428571428571	0.5454545454545454	20.65	ok
uniprot_raw	GO:0007189	1024	1.0	0.98412676884364	0.077509879106294	0.9230769230764252	1376	346	32	0.939535777258864	0.975218949044586	0.9508196721311476	1.0	0.90625	33.13	ok
uniprot_raw	GO:0007283	1024	1.0	0.7551108477763959	-0.2204942163186318	0.542253521126278	1912	603	117	0.4759641268896648	0.7602792726249517	0.474025974025974	0.3821989528795811	0.6239316239316239	270.16	ok
uniprot_raw	GO:0007399	1024	1.0	0.7826457256395671	-0.4061271393304503	0.6969696969692051	2631	877	393	0.7735173454600839	0.7992976258069944	0.6944444444444444	0.6369426751592356	0.7633587786259542	3057.79	ok
uniprot_raw	GO:0007601	1024	1.0	0.7562132882944098	0.0268787795143734	0.3823529411759706	1637	481	44	0.5391777561947009	0.8424173080923653	0.5106382978723404	0.48	0.5454545454545454	105.92	ok
uniprot_raw	GO:0007605	1024	1.0	0.7440644522413021	-0.1684183200195402	0.3729903536972637	1415	351	30	0.3465911185814303	0.7844236760124611	0.3376623376623376	0.2765957446808511	0.4333333333333333	38.07	ok
uniprot_raw	GO:0008202	1024	1.0	0.8788452922972434	0.0047977230160107	0.7005649717509188	1666	543	48	0.678561675543189	0.8519360269360269	0.66	0.6346153846153846	0.6875	134.38	ok
uniprot_raw	GO:0008584	1024	1.0	0.7829964020862367	0.0231918630706051	0.544502617800568	1245	307	29	0.562910085630679	0.8469362441081617	0.5531914893617021	0.7222222222222222	0.4482758620689655	44.29	ok
uniprot_raw	GO:0010506	1024	1.0	0.8043914299462265	0.0111215604563801	0.4958677685945497	1710	549	66	0.5558550451323866	0.8757450279189409	0.5357142857142857	0.4411764705882353	0.6818181818181818	156.04	ok
uniprot_raw	GO:0016236	1024	1.0	0.9125204571396368	-0.1610022501972273	0.5865384615379808	1619	447	42	0.6842064099346763	0.9366255144032922	0.6021505376344086	0.5490196078431373	0.6666666666666666	120.52	ok
uniprot_raw	GO:0031297	1024	1.0	0.906757210267258	-0.1082924702044777	0.5970149253726397	407	101	9	0.71124895572264	0.8828502415458936	0.5714285714285714	0.5	0.6666666666666666	7.71	ok
uniprot_raw	GO:0031398	1024	1.0	0.8393536557112385	-0.2316510027786049	0.5290322580640208	934	235	21	0.4788162241915801	0.8317757009345794	0.4324324324324324	0.5	0.3809523809523809	22.72	ok
uniprot_raw	GO:0034341	1024	1.0	0.8197890269448355	-0.1343361953606263	0.509554140126892	909	227	21	0.4593852310584047	0.8118354137771613	0.4545454545454545	0.4347826086956521	0.4761904761904761	17.87	ok
uniprot_raw	GO:0035987	1024	1.0	0.9487029162162852	-0.2614657377617005	0.7894736842100276	396	98	9	0.7630228669027168	0.930087390761548	0.631578947368421	0.6	0.6666666666666666	5.36	ok
uniprot_raw	GO:0042476	1024	10.0	0.8820934539045618	-0.2085583483556653	0.6585365853653626	1016	252	22	0.5501487638004274	0.7938735177865613	0.4782608695652174	0.4583333333333333	0.5	19.48	ok
uniprot_raw	GO:0042593	1024	1.0	0.6855957995307639	-0.4161211342054792	0.2607204116634159	1613	423	38	0.3194145228576062	0.7444292549555707	0.3308270676691729	0.231578947368421	0.5789473684210527	132.88	ok
uniprot_raw	GO:0042632	1024	1.0	0.8102127310238686	-0.0095732287266809	0.4724409448813967	759	187	17	0.5120256315754539	0.8152249134948097	0.4827586206896552	0.5833333333333334	0.4117647058823529	17.89	ok
uniprot_raw	GO:0043488	1024	1.0	0.9156700010397292	-0.0345610330021179	0.7119999999995001	1388	343	32	0.6726358087336571	0.8287781350482314	0.6896551724137931	0.7692307692307693	0.625	36.94	ok
uniprot_raw	GO:0045089	1024	1.0	0.8366550360127564	0.0279419693183951	0.6196473551632338	1684	537	56	0.5542329515588637	0.8356845856845857	0.5321100917431193	0.5471698113207547	0.5178571428571429	147.92	ok
uniprot_raw	GO:0045787	1024	1.0	0.7338575188666384	-0.1079833533062174	0.4019448946510521	1724	550	64	0.3804872119568167	0.793113425925926	0.3834196891191709	0.2868217054263566	0.578125	162.24	ok
uniprot_raw	GO:0045814	1024	1.0	0.9243474708735998	-0.0070720510242139	0.6324786324781334	1360	339	30	0.6231259514267635	0.9052858683926646	0.6229508196721312	0.6129032258064516	0.6333333333333333	44.95	ok
uniprot_raw	GO:0046034	1024	1.0	0.8572054514446957	0.2818366768121818	0.5507246376806862	949	233	20	0.8403056004497232	0.9678403755868544	0.75	0.75	0.75	23.36	ok
uniprot_raw	GO:0050679	1024	0.1	0.7675492640464897	0.1864480963556901	0.3864734299512223	1622	430	38	0.2712521722740623	0.7924946294307197	0.3551401869158878	0.2753623188405797	0.5	56.9	ok
uniprot_raw	GO:0050680	1024	0.1	0.7330666834521176	0.0849711077663378	0.3114186851206392	1169	290	27	0.1968484537658815	0.6508942402478524	0.2222222222222222	0.1666666666666666	0.3333333333333333	41.82	ok
uniprot_raw	GO:0050731	1024	0.1	0.8529420731475179	0.154866934945683	0.5074626865666677	998	254	23	0.3676369337207696	0.7677395068699416	0.4210526315789473	0.3529411764705882	0.5217391304347826	27.84	ok
uniprot_raw	GO:0050796	1024	1.0	0.8321820612419359	-0.2132920119761236	0.5206349206344298	1484	368	34	0.4805888176086664	0.8134906657273688	0.4927536231884058	0.4857142857142857	0.5	54.48	ok
uniprot_raw	GO:0050890	1024	0.1	0.7055207788526218	-0.0317548369560291	0.3847203274211023	1725	559	65	0.2851976290741719	0.682684521955777	0.2924528301886792	0.2108843537414966	0.4769230769230769	156.06	ok
uniprot_raw	GO:0051310	1024	0.1	0.88794883816833	0.0986819793446919	0.5736434108522134	687	171	15	0.6139348547673358	0.9004273504273503	0.5333333333333333	0.5333333333333333	0.5333333333333333	18.5	ok
uniprot_raw	GO:0051865	1024	10.0	0.9751201590610444	-0.3823066400931126	0.8070175438591493	597	146	12	0.8652958910502014	0.947139303482587	0.75	0.75	0.75	16.82	ok
uniprot_raw	GO:0060828	1024	1.0	0.8253768057277848	0.2057617014627166	0.4836272040297267	1653	536	49	0.4337872201701376	0.8286887650337342	0.4098360655737705	0.3424657534246575	0.5102040816326531	75.58	ok
uniprot_raw	GO:0061844	1024	10.0	0.972511316072908	-0.357076528153823	0.8068181818176828	1043	259	21	0.9225278787751148	0.9939975990396158	0.8636363636363636	0.8260869565217391	0.9047619047619048	20.17	ok
uniprot_raw	GO:0070555	1024	1.0	0.7814244859116654	0.0763027640294677	0.5409836065569255	858	216	20	0.685037456581266	0.8489795918367347	0.6111111111111112	0.6875	0.55	21.76	ok
uniprot_raw	GO:0090303	1024	1.0	0.8366210109069172	-0.003265383458164	0.5333333333328373	525	132	12	0.4522567961426657	0.8125	0.3333333333333333	0.5	0.25	10.76	ok
uniprot_raw	GO:0097190	1024	1.0	0.7951775759473495	0.0077006651704989	0.5221052631573959	1702	545	61	0.4345889776046214	0.8570654382874949	0.496551724137931	0.4285714285714285	0.5901639344262295	202.62	ok
uniprot_raw	GO:0097191	1024	100.0	0.8869373186746069	-0.4788338973089737	0.6041666666661685	976	243	21	0.6488741942538742	0.8485628485628485	0.52	0.4482758620689655	0.6190476190476191	22.64	ok
uniprot_raw	GO:1901224	1024	1000.0	0.843436945128587	-0.2608153232473041	0.6117647058818646	523	129	12	0.4831961395383665	0.7101139601139601	0.5	1.0	0.3333333333333333	8.71	ok
uniprot_raw	GO:2000781	1024	1.0	0.8500069994680404	-0.0715952016075677	0.5094339622636537	626	156	14	0.4294817343964502	0.8667002012072434	0.4347826086956521	0.5555555555555556	0.3571428571428571	11.13	ok
uniprot_raw	GO:2001244	1024	1.0	0.6128347373467571	-0.6063715955898719	0.253968253967875	517	132	12	0.3877394677394677	0.8069444444444445	0.3673469387755102	0.2432432432432432	0.75	9.47	ok
